Catalog#,Artist,Title,Label,Format,Rating,Released,release_id,CollectionFolder,Date Added,Collection Media Condition,Collection Sleeve Condition,Collection Notes
"PIN011V, IDOL 064",Lomepal,Amina,"[pias], IDOL (2)","3xLP, Album, RE, Tri",5,2019,14369978,Uncategorized,2025-05-16 06:25:07,Near Mint (NM or M-),Mint (M),
6768984,Damso,Lithopédion,"92I, Universal Music France","2x12"", Album",5,2018,12176590,Uncategorized,2025-05-23 11:28:40,Mint (M),Mint (M),
825 001,Rick Wakeman,The Myths And Legends Of King Arthur And The Knights Of The Round Table,A&M Records,"LP, Album, Gat",5,1975,4048236,Uncategorized,2025-04-24 01:06:48,Very Good Plus (VG+),Very Good Plus (VG+),
86 034 IT,Humble Pie,Smokin',A&M Records,"LP, Album",,1972,1695364,Uncategorized,2025-04-22 06:15:23,,,
875022,Joan Baez,Come From The Shadows,A&M Records,"LP, Album, Quad",,1972,33417449,Uncategorized,2025-04-22 01:12:16,,,
89 049 XOT,Joan Baez,Diamonds & Rust,A&M Records,"LP, Album",,1975,2985855,Uncategorized,2025-04-22 01:13:42,,,
985061,Supertramp,Supertramp,A&M Records,"LP, Album, RE",,1977,5633330,Uncategorized,2025-04-23 06:00:18,,,
AMLH 64397,Magma (6),Mekanïk Destruktïw Kommandöh,A&M Records,"LP, Album, Sil",,1973,5942053,Uncategorized,2025-04-23 00:14:53,,,
AMLH 64515,Rick Wakeman,The Myths And Legends Of King Arthur And The Knights Of The Round Table,A&M Records,"LP, Album, Gat",2,1975,6503432,Uncategorized,2025-04-24 01:06:13,Good (G),Very Good (VG),rayure transversale
AMLH 64724 ,Styx,Pieces Of Eight ,A&M Records,"LP, Album, Gat",,1978,14883212,Uncategorized,2025-04-23 05:26:25,,,
AMLH 64906,Joe Jackson,Night And Day,A&M Records,"LP, Album, Gat",,1982,524555,Uncategorized,2025-04-22 09:52:48,,,
AMLS 68121,Stealers Wheel,Stealers Wheel,A&M Records,"LP, Album",,1972,2084080,Uncategorized,2025-04-23 05:54:07,,,
AMLS 68258,Supertramp,Crime Of The Century,A&M Records,"LP, Album",3,1974,29179705,Uncategorized,2025-04-23 06:01:09,Very Good (VG),Very Good (VG),
SP-3703,Peter Frampton,Frampton Comes Alive!,A&M Records,"2xLP, Album, TP",,1975,19323709,Uncategorized,2025-04-22 04:51:46,,,
"985.014, 985 014",Joan Baez,Diamonds & Rust,"A&M Records, A&M Records","LP, Album, Gat",,1975,4779409,Uncategorized,2025-04-22 01:12:42,,,
"AMLS 68260, AMLS68260",Magma (6),Köhntarkösz,"A&M Records, A&M Records","LP, Album",,1974,9521256,Uncategorized,2025-04-23 00:14:00,,,
"AMNP 102, SP 4270",Humble Pie,Humble Pie,"A&M Records, A&M Records","LP, Album, RE",,1982,3195129,Uncategorized,2025-04-22 06:16:23,,,
"395 145-1, 27383",Iggy Pop,Blah-Blah-Blah,"A&M Records, Polygram","LP, Album",,1986,5948011,Uncategorized,2025-04-22 07:04:54,,,
ASD-9315,Keith Jarrett,Mysteries,ABC Impulse!,"LP, Album, Promo, Ter",,1976,5493110,Uncategorized,2026-05-16 07:30:54,,,
25 046 XOT,Steely Dan,Aja,ABC Records,"LP, Album, Gat",,1977,375921,Uncategorized,2025-04-23 00:26:14,,,
27 135 ET,Soft Machine,We Did It Again,ABC Records,"LP, Album, RE",,1976,1560123,Uncategorized,2025-04-23 05:45:58,,,
SPART 1083,Roger Chapman,Chappo,Acrobat Records,"LP, Album",,1979,3168496,Uncategorized,2025-04-22 02:25:16,,,
"AFF 4, AFF4",Gong,Magick Brother,"Affinity, Affinity","LP, Album, RE",,1977,6115013,Uncategorized,2025-04-22 05:31:55,,,
68.051,Alice Cooper (2),Welcome To My Nightmare,Anchor (2),"LP, Album",3,1977,2397453,Uncategorized,2026-04-08 10:16:56,Very Good (VG),Near Mint (NM or M-),
"PAS 10007, 0C 064 o 05503",Wings (2),Band On The Run,"Apple Records, Apple Records","LP, Album, RE, Imp",,1973,5392910,Uncategorized,2025-04-22 01:04:38,,,
LP 645,The Ramsey Lewis Trio,An Hour With The Ramsey Lewis Trio,Argo (6),"LP, Album, Mono",3,1959,3492865,Uncategorized,2026-04-16 12:39:40,Very Good (VG),Very Good Plus (VG+),
LPS-680,The Ramsey Lewis Trio,More Music From The Soil,Argo (6),"LP, Album",,1961,2930268,Uncategorized,2026-03-30 08:12:29,,,
85 087 TT,Jimi Hendrix With Noel Redding And Mitch Mitchell,"""Experience"" ",Ariola,"LP, Album",,1971,8208480,Uncategorized,2025-04-22 06:39:32,,,
"27 582 ET, (BRAIN 1077) 27 582 ET",Klaus Schulze,Irrlicht,"Ariola, Ariola","LP, Album, RE",4,1976,22247122,Uncategorized,2025-04-27 05:01:19,Very Good Plus (VG+),Very Good Plus (VG+),legers scratch a l'ecoute car musique douce
203 554,Fela Kuti,Black-President,Arista,"LP, Comp",,1981,13236589,Uncategorized,2025-04-22 04:59:30,,,
203554,Fela Kuti,Black President,Arista,"LP, Comp",,1981,515650,Uncategorized,2025-04-22 05:00:02,,,
204 666,The Alan Parsons Project,Eye In The Sky,Arista,"LP, Album",4,1982,13908374,Uncategorized,2026-04-08 09:53:11,Very Good Plus (VG+),Near Mint (NM or M-),nettoyage profond requis
2C 068 60792,The Alan Parsons Project,Pyramid,Arista,"LP, Album, RE, Gat",,1978,5196205,Uncategorized,2025-04-22 00:43:38,,,
5N 058N-60561,Patti Smith Group,Easter,Arista,"LP, Album",,1978,33602190,Uncategorized,2025-04-23 05:15:35,,,
ARTY 122,Patti Smith,Horses,Arista,"LP, Album, Blu",,1975,4619668,Uncategorized,2025-04-23 05:14:42,,,
"203295, 203.295",Stray Cats,Stray Cats,"Arista, Arista","LP, Album",,1981,1469620,Uncategorized,2025-04-23 05:51:12,,,
"2C 066 97 237, 2C 066 - 97.237",Patti Smith,Horses,"Arista, Arista","LP, Album, Lig",3,1975,7146067,Uncategorized,2025-04-23 05:17:57,Very Good (VG),Very Good (VG),crack mais s'ecoute
"2C 068 60561, 2C 068 - 60.561",Patti Smith Group,Easter,"Arista, Arista","LP, Album",,1978,6566272,Uncategorized,2025-04-23 05:17:06,,,
"AL 7002, 7002",The Alan Parsons Project,I Robot,"Arista, Arista","LP, Album, San",,1977,33002844,Uncategorized,2025-04-22 00:41:39,,,
1C 064-62 516,Patti Smith Group,Wave,"Arista, EMI Electrola","LP, Album",5,1979,1103962,Uncategorized,2025-04-23 05:16:18,Very Good Plus (VG+),Very Good Plus (VG+),
SU-1020,Jimi Hendrix,Jimi Hendrix,Armando Curcio Editore,"LP, Comp, Gat",,1981,2870164,Uncategorized,2025-04-22 06:35:09,,,
K 53051,Eagles,Hotel California,Asylum Records,"LP, W/Lbl",,1976,30527422,Uncategorized,2025-04-22 04:34:11,,,
"AS 53 030, SD 5061",Tom Waits,Closing Time,"Asylum Records, Asylum Records","LP, Album, RE",5,0,4238409,Uncategorized,2025-04-24 01:25:01,Near Mint (NM or M-),Near Mint (NM or M-),
"AS 53017 , 7E-1052",Eagles,Their Greatest Hits 1971-1975,"Asylum Records, Asylum Records","LP, Album, Comp, Emb",,1976,5009356,Uncategorized,2025-04-22 04:35:50,,,
"HYS 651-20, HYS 651-20 (LS)",Eagles,Hotel California,"Asylum Records, Asylum Records","LP, Album, Gat",,1977,9001902,Uncategorized,2025-04-22 04:34:37,,,
40307,Cactus (3),Restrictions,ATCO Records,"LP, Album",,1971,6602444,Uncategorized,2025-04-22 02:08:41,,,
50 323,AC/DC,Dirty Deeds Done Dirt Cheap,Atlantic,"LP, Album",,1976,6323592,Uncategorized,2025-04-22 00:03:24,,,
80 001,Yes,Tales From Topographic Oceans,Atlantic,"2xLP, Album, Gat",4,1973,24163841,Uncategorized,2025-04-24 01:32:34,Very Good Plus (VG+),Very Good (VG),
8122796438,Led Zeppelin,Led Zeppelin II,Atlantic,"LP, Album, RE, RM + LP, Album + Dlx, Tri",5,2014,5743308,Uncategorized,2025-04-22 23:51:36,Mint (M),Mint (M),
ATL 20 058,Various,German Super Rock,Atlantic,"LP, Comp",,1973,4421374,Uncategorized,2026-05-04 06:08:36,,,
ATL 40 522,Jan Akkerman,Tabernakel,Atlantic,"LP, Album, Promo, Gat",,1973,6385882,Uncategorized,2025-04-22 00:46:28,,,
ATL 50 022,Guru Guru,Don't Call Us - We Call You,Atlantic,"LP, Album",,1973,936141,Uncategorized,2025-04-22 05:22:08,,,
ATL 50 096,Yes,Relayer,Atlantic,"LP, Album",4,1974,22612688,Uncategorized,2025-04-24 01:33:27,Very Good Plus (VG+),Very Good Plus (VG+),
ATL 50 323,AC/DC,Dirty Deeds Done Dirt Cheap,Atlantic,"LP, Album",,1976,11689624,Uncategorized,2025-04-22 00:04:16,,,
ATL 50 735,AC/DC,Back In Black,Atlantic,"LP, Album, Emb",,1980,2766216,Uncategorized,2025-04-22 00:07:09,,,
ATL 50736 (SD 16019),Yes,Drama,Atlantic,"LP, Album, Gat",1,1980,2326563,Uncategorized,2025-04-24 01:40:54,Very Good Plus (VG+),Mint (M),enormement godole
ATL 60 045,Yes,Yessongs,Atlantic,"3xLP, Album",4,1973,2015370,Uncategorized,2025-04-24 01:41:09,Very Good Plus (VG+),Very Good Plus (VG+),
K 50001,"Crosby, Stills, Nash & Young",Déjà Vu,Atlantic,"LP, Album, RE, Gat",,1972,5182499,Uncategorized,2025-04-22 01:43:16,,,
SD 18139,Billy Cobham,Shabazz,Atlantic,"LP, Album, RI",,1975,5136234,Uncategorized,2025-04-22 03:11:17,,,
SD 18180,Jon Anderson,Olias Of Sunhillow,Atlantic,"LP, Album, PRC",,1976,10582251,Uncategorized,2025-04-22 00:26:53,,,
WEA 99 143,Phil Collins,Face Value,Atlantic,"LP, Album, Gat",,1981,2277278,Uncategorized,2025-04-22 01:54:35,,,
WEA 99 143,Phil Collins,Face Value,Atlantic,"LP, Album, Gat",,1981,6165561,Uncategorized,2025-04-22 01:54:51,,,
"2401019, 2401 019",Yes,Fragile,"Atlantic, Atlantic","LP, Album, Gat",3,1971,30360827,Uncategorized,2025-04-24 01:36:42,Very Good (VG),Very Good Plus (VG+),nettoyage apprecie
"40.031, N° 40031",Led Zeppelin,Led Zeppelin,"Atlantic, Atlantic","LP, Album, RE",,1971,3051803,Uncategorized,2025-04-22 23:44:06,,,
"50 002, N° 50 002",Led Zeppelin,Led Zeppelin III,"Atlantic, Atlantic","LP, Album, RE, Gat",4,1971,4030185,Uncategorized,2025-04-22 23:46:22,Very Good (VG),Good (G),
"50 366, SD 36 151",AC/DC,Let There Be Rock,"Atlantic, Atlantic","LP, Album",,1977,25073806,Uncategorized,2025-04-21 23:58:51,,,
"50.009, N° 50.009",Yes,Fragile,"Atlantic, Atlantic","LP, Album, Gat",5,1971,1966161,Uncategorized,2025-04-24 01:37:21,Near Mint (NM or M-),Near Mint (NM or M-),gondole mais ok
"50008, 50008 A",Led Zeppelin,Untitled,"Atlantic, Atlantic","LP, Album",,1971,5435395,Uncategorized,2025-04-22 23:39:51,,,
"940.051, 940051",Led Zeppelin,Led Zeppelin III,"Atlantic, Atlantic","LP, Album, M/Print",4,1970,18374482,Uncategorized,2025-05-16 06:26:19,Very Good Plus (VG+),Near Mint (NM or M-),"not the good pressing lp, only the jacket sleeve"
"ATL 40 022, SD 33-250",Iron Butterfly,In-A-Gadda-Da-Vida,"Atlantic, Atlantic","LP, Album, RP",,1972,1644602,Uncategorized,2025-04-22 07:02:11,,,
"ATL 50 098, SD-18121",Billy Cobham,Total Eclipse,"Atlantic, Atlantic","LP, Album",,1974,10017369,Uncategorized,2025-04-22 03:11:48,,,
"ATL 50 379, SD 19106",Yes,Going For The One,"Atlantic, Atlantic","LP, Album, Tri",5,1977,15140982,Uncategorized,2025-04-24 01:38:51,Near Mint (NM or M-),Near Mint (NM or M-),
"ATL 50 379, SD 19106",Yes,Going For The One,"Atlantic, Atlantic","LP, Album, Tri",4,1977,10622988,Uncategorized,2025-04-24 01:38:58,Very Good Plus (VG+),Very Good Plus (VG+),
"ATL 50 518, SD 19 202",Yes,Tormato,"Atlantic, Atlantic","LP, Album",5,1978,1628945,Uncategorized,2025-04-24 01:31:39,Very Good Plus (VG+),Very Good Plus (VG+),
"ATL 50 532, SD 19212",AC/DC,If You Want Blood You've Got It,"Atlantic, Atlantic","LP, Album, RP",,1979,1454487,Uncategorized,2025-04-22 00:11:33,,,
"ATL 50 628, SD 19244",AC/DC,Highway To Hell,"Atlantic, Atlantic","LP, Album, No ",,1979,7918217,Uncategorized,2025-04-22 00:09:27,,,
"ATL 60 001, SD 3-500",Various,Woodstock - Music From The Original Soundtrack And More,"Atlantic, Atlantic","3xLP, Album, RE",4,1973,12694508,Uncategorized,2025-04-24 01:01:14,Very Good Plus (VG+),Very Good Plus (VG+),
"K50012, K 50012",Yes,Close To The Edge,"Atlantic, Atlantic","LP, Album, Tex",2,1972,17240323,Uncategorized,2025-04-24 01:40:26,Fair (F),Good Plus (G+),pas ecoute mais enormement de griffes
"K50044, K 50044",Guru Guru,Dance Of The Flames,"Atlantic, Atlantic","LP, Album",,1974,1590314,Uncategorized,2025-04-22 05:14:57,,,
"50 483, SD19180, 50.483",AC/DC,Powerage,"Atlantic, Atlantic, Atlantic","LP, Album",,1978,6815974,Uncategorized,2025-04-22 00:02:03,,,
"ATL 40 106, SD 8283, MLP 15 403",Yes,The Yes Album,"Atlantic, Atlantic, Atlantic","LP, Album, RE, Gat",5,1972,6089871,Uncategorized,2025-04-24 01:39:48,Near Mint (NM or M-),Near Mint (NM or M-),
"ATL K 50 851, ATL 50 851, SD 19329",AC/DC,For Those About To Rock We Salute You,"Atlantic, Atlantic, Atlantic","LP, Album, Gat",,1981,1630651,Uncategorized,2025-04-22 00:10:46,,,
"K80009, K 80009, SD2-7000","Emerson, Lake & Palmer",Works (Volume 1),"Atlantic, Atlantic, Atlantic","2xLP, Album, Tri",,1977,12085796,Uncategorized,2025-04-22 04:22:57,,,
"50048, 50048 B, 50 048, K 50048",Yes,Yesterdays,"Atlantic, Atlantic, Atlantic, Atlantic","LP, Comp, Gat",4,1975,3292690,Uncategorized,2025-04-24 01:42:28,Very Good Plus (VG+),Very Good Plus (VG+),"nettoyage a la main fait, sonne bien, peut etre mieux avec lavage pro"
"50048, 50048 B, 50 048, K 50048",Yes,Yesterdays,"Atlantic, Atlantic, Atlantic, Atlantic","LP, Comp, Gat",4,1975,3292690,Uncategorized,2025-04-24 01:42:30,Good (G),Good Plus (G+),"dedans, wish you where here..."
BR 56011,Rondò Veneziano,Rondo' Veneziano,Baby Records (2),"LP, Album",,1980,2022314,Uncategorized,2026-05-12 01:58:13,,,
BAL 13012,Malicorne,Le Bestiaire,Ballon Noir,"LP, Album, Gat",,1979,2065573,Uncategorized,2025-04-23 00:13:17,,,
379 905-6,Détroit,La Cigale,Barclay,"2xLP, Album, 180",5,2014,6278246,Uncategorized,2026-04-18 06:19:20,Mint (M),Mint (M),
547 203-1,Fela Kuti & Roy Ayers,Music Of Many Colours,Barclay,"LP, Album, RE, RM",,2000,16740,Uncategorized,2025-04-22 05:00:52,,,
8002,Jacques Brel,Brel,Barclay,"Box, Comp + 7xLP",5,0,1180118,Uncategorized,2025-04-27 04:57:20,Near Mint (NM or M-),Near Mint (NM or M-),
90.069,Bernard Lavilliers,Les Barbares,Barclay,"LP, Album, Gat",5,1976,15245013,Uncategorized,2025-07-18 13:36:30,Near Mint (NM or M-),Near Mint (NM or M-),
92 038/39,Bernard Lavilliers,O Gringo,Barclay,"LP, Album, Gat + 12""",3,1980,534344,Uncategorized,2025-04-22 23:37:38,,,
92 038/39,Bernard Lavilliers,O Gringo,Barclay,"LP, Album, Gat + 12""",3,1980,534344,Uncategorized,2025-07-18 13:37:15,Very Good Plus (VG+),Near Mint (NM or M-),"qq griffes, petit nettoyage neccessaire"
"375 910 7, 539 164-3",Détroit,Horizons,"Barclay, Barclay","2xLP, Album, Ltd, RE, Cle",,2020,15809839,Uncategorized,2025-04-22 03:48:21,,,
"90.017, 90 017",Jacques Brel,3 - Enregistrement Public Amsterdam,"Barclay, Barclay","LP, Comp, RE, Gat",,1974,8470337,Uncategorized,2025-04-22 01:21:48,,,
"96 010, N° 96.010",Jacques Brel,Brel,"Barclay, Barclay","LP, Album, Gat",5,1977,433460,Uncategorized,2025-04-27 05:04:43,Near Mint (NM or M-),Near Mint (NM or M-),
671100 2,Bertrand Cantat,Amor Fati,"Barclay, Universal Music France","2xLP, Album, 180",3,2017,11212907,Uncategorized,2025-05-08 05:33:19,Good (G),Mint (M),"scratch face a, leger face b, c et d"
BEA 55 510,Todd Rundgren,Faithful,Bearsville,"LP, Album",4,1976,4897560,Uncategorized,2025-04-24 00:32:31,Very Good Plus (VG+),Good (G),
BEA 85 501,Todd Rundgren,Todd,Bearsville,"2xLP, Album",4,1974,2067643,Uncategorized,2025-04-24 00:33:16,Very Good Plus (VG+),Very Good Plus (VG+),
BR 6961,Utopia (5),Another Live,Bearsville,"LP, Album, Ter",3,1975,380478,Uncategorized,2025-04-24 00:37:01,Very Good (VG),Very Good (VG),
PVC 8937,Roy Harper & Jimmy Page,Whatever Happened To Jugula?,"Beggars Banquet, PVC Records","LP, Album",4,1988,2382723,Uncategorized,2025-06-14 08:47:25,Very Good Plus (VG+),Near Mint (NM or M-),
BELLA647V,Beach House,B-Sides And Rarities,Bella Union,"LP, Comp",5,2017,10778476,Uncategorized,2025-06-06 10:25:00,Mint (M),Mint (M),
BELLA777V,Beach House,7,Bella Union,"LP, Album",5,2018,11977829,Uncategorized,2025-06-06 10:22:52,Mint (M),Mint (M),
4B058-98929,Abraxis (2),Abraxis,Best Seller,"LP, Album",,1977,1683752,Uncategorized,2025-04-22 00:20:13,,,
RS 6370,The Mothers,Burnt Weeny Sandwich,"Bizarre Records, Reprise Records","LP, Album, Pit",4,1970,16058506,Uncategorized,2025-04-24 02:05:42,Very Good Plus (VG+),Very Good (VG),"tout debut fabe B bien raye, sionon ok"
33.114,Roy Milton,Instant Groove,Black And Blue,"LP, Album",,1977,7958437,Uncategorized,2025-04-23 00:09:30,,,
"SKY 69230, (PZ 33944)",Johnny Winter,Captured Live!,"Blue Sky, Blue Sky","LP, Album",4,1976,943274,Uncategorized,2025-04-24 01:24:23,Near Mint (NM or M-),Near Mint (NM or M-),
0060.139,Grobschnitt,Solar Music - Live,Brain,"LP, Album, Gat",,1978,6058338,Uncategorized,2026-05-16 07:25:05,,,
80.001-2,Jane,Jane Live,Brain,"2xLP, Album, RP, Gat",,1977,868367,Uncategorized,2025-04-22 10:03:15,,,
"0060.055, 60.055",Jane,Between Heaven And Hell,"Brain, Brain","LP, Album, Gat",,1977,2303981,Uncategorized,2026-05-12 02:08:51,,,
"BRAIN 1042, brain 1042",Greenslade,Bedside Manners Are Extra,"Brain, Brain","LP, Album",,1973,760346,Uncategorized,2025-04-22 05:21:17,Fair (F),Very Good (VG),"Beaucoup de Griffures, petite et grosse mais écoutable :)
Ambiance cool"
"brain 1066, 1066",Jane,Lady,"Brain, Brain","LP, Album, Gre",,1975,760761,Uncategorized,2025-04-22 10:04:17,,,
"brain 1089, BRAIN 1089",Guru Guru,Tango Fango,"Brain, Brain","LP, Album, RE",,1976,18715279,Uncategorized,2025-04-22 05:21:48,,,
"BRAIN 1084, 1084, brain 1084",Jane,"Fire, Water, Earth & Air","Brain, Brain, Brain","LP, Album, Gre",,1976,760404,Uncategorized,2025-04-22 10:03:32,,,
202 553-320,Hawkwind,Live Seventy Nine,Bronze,"LP, Album",,1980,1797089,Uncategorized,2025-04-22 06:03:23,,,
28 520 XOT,Uriah Heep,Firefly,Bronze,"LP, Album, MP, Gat",,1977,15344373,Uncategorized,2025-04-22 06:19:37,,,
28 778 XOT,Manfred Mann's Earth Band,Solar Fire,Bronze,"LP, Album, RE, Gat",3,1978,6117970,Uncategorized,2025-04-24 00:22:49,Good Plus (G+),Good Plus (G+),crack sur les paries silencieuses
86 796 XDT,Uriah Heep,Uriah Heep Live,Bronze,"2xLP, Album",,1973,1622744,Uncategorized,2025-04-22 06:58:35,,,
88 749 XOT,Ken Hensley,Eager To Please,Bronze,"LP, Album",,1975,2333190,Uncategorized,2025-04-22 07:00:04,,,
89 059 XOT,Manfred Mann's Earth Band,Nightingales & Bombers,Bronze,"LP, Album",,1975,1702984,Uncategorized,2025-04-23 00:21:43,,,
893 025,Uriah Heep,The Best Of...,Bronze,"LP, Comp",,1975,3947179,Uncategorized,2025-04-22 06:22:14,,,
893 048,Motörhead,Iron Fist,Bronze,"LP, Album",,1982,765629,Uncategorized,2025-04-23 00:28:36,,,
893 052,Uriah Heep,Head First,Bronze,"LP, Album",,1983,3455025,Uncategorized,2025-04-22 06:20:25,,,
BRO 2006,Uriah Heep,Salisbury,Bronze,"LP, Album, RE, Gat",,1974,3585569,Uncategorized,2025-04-22 06:23:51,,,
BRO 2043,Hawkwind,Levitation,Bronze,"LP, Album, TP",,1980,22820756,Uncategorized,2025-04-22 05:59:11,,,
HELP 4,Colosseum,Valentyne Suite,Bronze,"LP, Album, RE, Gat",,1972,5206655,Uncategorized,2025-04-22 03:00:53,,,
ILPS 9342,David Byron,Take No Prisoners,Bronze,"LP, Album",,1975,2625543,Uncategorized,2025-04-22 01:40:14,,,
"200 383, 200 383-320",Manfred Mann Chapter Three,Manfred Mann Chapter III − Volume 1,"Bronze, Bronze","LP, Album, RE",,1979,3054765,Uncategorized,2025-04-23 00:12:17,,,
"202 997-320, 202.997",Hawkwind,Levitation,"Bronze, Bronze","LP, Album",,1980,1645732,Uncategorized,2025-04-22 06:03:46,,,
"202.876, 202 876-320",Motörhead,Ace Of Spades,"Bronze, Bronze","LP, Album",,1980,17804632,Uncategorized,2025-04-23 00:29:18,,,
"ILPS9265, ILPS.9265, ILPS 9265",Manfred Mann's Earth Band,Solar Fire,"Bronze, Bronze, Bronze","LP, Album, Gat",,1973,1578653,Uncategorized,2025-04-24 00:22:06,,Very Good Plus (VG+),
28 762 XDT,Colosseum,Colosseum Live,"Bronze, Island Records","2xLP, Album, RE, Gat",,0,11435647,Uncategorized,2025-04-22 03:01:35,,,
BTM 1005,Curved Air,Midnight Wire,BTM Records,"LP, Album",,1975,3210986,Uncategorized,2025-04-22 01:41:03,,,
"BTM 1006, 26.21554",Renaissance (4),Scheherazade And Other Stories,"BTM Records, RCA","LP, Album, Gat",,1975,6946026,Uncategorized,2025-04-23 05:02:21,,,
"BYG 529 905, 529.905",Various,Faces And Places Vol. 5 - The First R&B Festival In England,"Byg Records, Byg Records",LP,,1972,9977773,Uncategorized,2025-04-23 05:10:29,,,
ZDL1-7114,Vangelis,Ignacio,CAM,"LP, Album",,1977,2979114,Uncategorized,2026-05-12 02:04:27,,,
2S 068-85348,Bob Seger,Smokin' O.P.'S,Capitol Records,"LP, Album, RE",5,1978,2950633,Uncategorized,2025-04-23 05:41:37,Near Mint (NM or M-),Very Good (VG),
"E-ST 24058, 0C 062-85 067",Steve Miller,The Best Of Steve Miller 1968-1973,"Capitol Records, Capitol Records","LP, Comp, Emb",,1977,1841250,Uncategorized,2025-04-23 00:25:39,,,
"T 1187, T-1187",The George Shearing Quintet,Shearing On Stage!,"Capitol Records, Capitol Records","LP, Album, Mono, RP, Scr",3,1959,2802790,Uncategorized,2026-04-16 12:40:35,Very Good (VG),Very Good Plus (VG+),
C 1505,Gong,Camembert Electrique,Caroline Records,"LP, Album, RE, RP",,1974,13124619,Uncategorized,2025-04-22 05:31:07,,,
67.941,Wishbone Ash,Twin Barrels Burning,Carrere,"LP, Album",4,1982,2468169,Uncategorized,2025-04-24 01:13:58,Very Good Plus (VG+),Very Good Plus (VG+),
9548-30352-1,Various,Psychedelique - Le Top,Carrere,"2xLP, Comp",5,1991,6006118,Uncategorized,2025-05-08 05:31:44,Near Mint (NM or M-),Near Mint (NM or M-),
5C 038-24311,Sweet Smoke,Just A Poke,Catfish,"LP, Album, RE, RP",4,0,2560050,Uncategorized,2025-04-23 05:49:25,Good Plus (G+),Very Good (VG),griffes visible mais ne s'entend pas trop trop 
82244,Journey,Infinity,CBS,"LP, Album, Promo, W/Lbl",,1978,9338705,Uncategorized,2025-04-22 10:02:26,,,
83279,Serge Fiori - Richard Séguin,Deux Cents Nuits À L'Heure,CBS,"LP, Album, Gat",,1978,4161690,Uncategorized,2025-04-22 04:48:03,,,
CBS 32004,Big Brother & The Holding Company,Cheap Thrills,CBS,"LP, Album, RE",5,1975,1994139,Uncategorized,2025-07-18 13:34:19,Near Mint (NM or M-),Very Good Plus (VG+),
CBS 80996,Dave (13),Dave,CBS,"LP, Album",,1975,13624474,Uncategorized,2025-04-22 03:46:09,,,
CBS 82329,Shakti (2) With John McLaughlin,Natural Elements,CBS,"LP, Album",,1977,28768393,Uncategorized,2025-04-24 00:29:59,,,
CBS 84382,Francis Cabrel,Fragile,CBS,"LP, Album",,1980,1173181,Uncategorized,2025-04-22 02:19:03,,,
CBS 86004,Neil Diamond,Beautiful Noise,CBS,"LP, Album, Gat",,1976,8883131,Uncategorized,2025-04-22 04:10:48,,,
CBS 88116,Blue Öyster Cult,On Your Feet Or On Your Knees,CBS,"2xLP, Album",,1975,18068239,Uncategorized,2025-04-22 01:19:03,,,
CBS 88272,Santana,Moonflower,CBS,"2xLP, Album, Gat",5,1977,24232682,Uncategorized,2025-04-23 05:35:24,Very Good Plus (VG+),Very Good (VG),
CBS88339,Frank Zappa,Sheik Yerbouti,CBS,"2xLP, Album, Aut",4,1979,11327146,Uncategorized,2025-04-24 02:01:34,Very Good Plus (VG+),Very Good (VG),
CBSA 12-3665,Carlos Santana And Willie Nelson,They All Went To Mexico,CBS,"12""",5,1983,2538324,Uncategorized,2025-04-23 05:39:43,Near Mint (NM or M-),Near Mint (NM or M-),impec
FSLN 1,The Clash,Sandinista!,CBS,"3xLP, Album",,1980,13653099,Uncategorized,2025-04-22 03:17:28,,,
S 63546,Janis Joplin,I Got Dem Ol' Kozmic Blues Again Mama!,CBS,"LP, Album",,1969,468180,Uncategorized,2025-04-22 09:51:07,,,
S 64087,Santana,Abraxas,CBS,"LP, Album, Gat",1,1970,3419197,Uncategorized,2025-04-23 05:36:12,Poor (P),Very Good Plus (VG+),trop de rayures
S 64752,Home (2),Home,CBS,"LP, Album",,1972,4196569,Uncategorized,2025-04-22 06:53:51,,,
S 67279,Ravi Shankar,The Genius Of Ravi Shankar,CBS,"2xLP, Comp",2,1972,22797383,Uncategorized,2025-04-24 00:26:53,Good (G),Good Plus (G+),"scratch sur les faces B, sinon le reste ok"
S 69003,Simon & Garfunkel,Simon And Garfunkel's Greatest Hits,CBS,"LP, Comp",,1972,376130,Uncategorized,2025-04-22 05:19:54,,,
S62171,Johnny Cash,Ring Of Fire - The Best Of Johnny Cash,CBS,"LP, Comp",,1969,4331232,Uncategorized,2025-04-22 01:47:38,,,
"64189, S 64189",Robert Wyatt,The End Of An Ear,"CBS, CBS","LP, Album",4,1970,1964283,Uncategorized,2025-04-24 01:30:14,Very Good Plus (VG+),Very Good (VG),
"64850, S 64850",Matching Mole,Matching Mole,"CBS, CBS","LP, Album, RP",,1977,5747808,Uncategorized,2025-04-23 00:30:19,,,
"65321, S 65321",Mahavishnu Orchestra,Birds Of Fire,"CBS, CBS","LP, Album",,1973,1522824,Uncategorized,2025-04-23 00:11:30,,,
"69047 , S 69047",Neil Diamond,Jonathan Livingston Seagull (Original Motion Picture Sound Track),"CBS, CBS","LP, Album, Gat",,1973,14316452,Uncategorized,2025-04-22 04:10:15,,,
"69108, CBS 69108",Mahavishnu Orchestra,Visions Of The Emerald Beyond,"CBS, CBS","LP, Album",,1975,5375898,Uncategorized,2025-04-23 00:10:45,,,
"85418, CBS 85418",Barbra Streisand,Memories,"CBS, CBS","LP, Comp",,1981,1611255,Uncategorized,2026-05-12 02:01:00,,,
"88516, CBS 88516",Frank Zappa,Tinsel Town Rebellion,"CBS, CBS","2xLP, Album",5,1981,921219,Uncategorized,2025-04-24 02:03:36,Very Good Plus (VG+),Near Mint (NM or M-),
"CBS 32211, 32211",Shakti (2),A Handful Of Beauty,"CBS, CBS","LP, Album, RE, Red",5,1986,732373,Uncategorized,2025-04-24 00:29:38,Near Mint (NM or M-),Very Good Plus (VG+),
"CBS 460581 1, CBS 4605811",Francis Cabrel,Cabrel 77-87,"CBS, CBS","LP, Comp",5,1987,2908708,Uncategorized,2025-07-26 00:46:01,Near Mint (NM or M-),Near Mint (NM or M-),
"CBS 66363, 66363",The Clash,Sandinista!,"CBS, CBS","3xLP, Album",,1980,663096,Uncategorized,2025-04-22 03:16:02,,,
"CBS 81845, PC 34461",Al Di Meola,Elegant Gypsy,"CBS, CBS","LP, Album, RE, RP",,1977,732350,Uncategorized,2025-04-23 00:10:04,,,
"CBS 81959, 81 959",Return To Forever,Musicmagic,"CBS, CBS","LP, Album",,1977,24246239,Uncategorized,2025-04-22 00:57:51,,,
"CBS 84232, 84232",Mahavishnu Orchestra,The Best Of The Mahavishnu Orchestra,"CBS, CBS","LP, Comp",,1980,4668298,Uncategorized,2025-04-23 00:20:36,,,
"CBS 86003, 86003",Bob Dylan,Desire,"CBS, CBS","LP, Album",,1976,17035365,Uncategorized,2025-04-22 03:52:23,,,
"S 64188, KC 30322",Janis Joplin,Pearl,"CBS, CBS","LP, Album",,1971,2066380,Uncategorized,2025-04-22 09:50:20,,,
"S 65299, KC 31610 ",Santana,Caravanserai,"CBS, CBS","LP, Album, Gat",3,1972,1769724,Uncategorized,2025-04-23 05:31:27,Very Good (VG),Very Good (VG),"griffes qui s'entendent tou du long, leger mais s'entend sur certains morceaux plus calmes"
"S 65928, 65928",Herbie Hancock,Head Hunters,"CBS, CBS","LP, Album",,1973,1923846,Uncategorized,2025-04-22 06:59:24,,,
"S 69003, KC 31350",Simon & Garfunkel,Simon And Garfunkel's Greatest Hits,"CBS, CBS","LP, Comp",,1972,1337919,Uncategorized,2025-04-23 05:23:50,,,
"S 69062, 69062",Mott The Hoople,The Hoople,"CBS, CBS","LP, Album, Hol",,1974,8513718,Uncategorized,2025-04-23 00:19:55,,,
"CBS 25251, 25251",Frank Zappa,The Man From Utopia,"CBS, CBS, Barking Pumpkin Records, Barking Pumpkin Records","LP, Album",5,1983,1378738,Uncategorized,2025-04-24 02:04:14,Very Good Plus (VG+),Very Good Plus (VG+),
"63699, S 63699, KCS 9914",Simon & Garfunkel,Bridge Over Troubled Water,"CBS, CBS, CBS","LP, Album",,1970,31682666,Uncategorized,2025-04-23 05:25:04,,,
"CBS 69084, 69084, PC 33135",Santana,Borboletta,"CBS, CBS, CBS","LP, Album",4,1974,19184710,Uncategorized,2025-04-23 05:33:41,Very Good Plus (VG+),Very Good Plus (VG+),
"CBS 69216, 69216, PC 33908",Mahavishnu Orchestra / John McLaughlin,Inner Worlds,"CBS, CBS, CBS","LP, Album",5,1976,380229,Uncategorized,2025-04-27 05:01:41,Mint (M),Very Good (VG),
"CBS 81775, 81775, PC 34418",Weather Report,Heavy Weather,"CBS, CBS, CBS","LP, Album",4,1977,6369042,Uncategorized,2025-04-24 01:11:11,Very Good Plus (VG+),Very Good Plus (VG+),
"S 69037, CBS S 69037, KC 32034",Carlos Santana & John McLaughlin,Love Devotion Surrender,"CBS, CBS, CBS","LP, Album, Club, Gat",5,1973,6495683,Uncategorized,2025-04-23 05:37:22,Near Mint (NM or M-),Very Good (VG),
"S 81388, 81388, PC 34162",Shakti (2) With John McLaughlin,Shakti With John McLaughlin,"CBS, CBS, CBS","LP, Album",,1976,3589559,Uncategorized,2025-04-24 00:29:01,,,
CBS 96004,Bob Dylan,Bob Dylan At Budokan,CBS/Sony,"2xLP, Album, Dou",,1978,31416653,Uncategorized,2025-04-22 03:43:35,,,
3375676,Zoufris Maracas,Prison Dorée,"Chapter Two, Wagram Music","2xLP, Album, RE, Gat",5,2020,19256548,Uncategorized,2026-04-21 10:36:51,Mint (M),Mint (M),
6369 905,Genesis,Trespass,Charisma,"LP, Album, RE, Lam",,1972,1003476,Uncategorized,2025-04-22 05:34:51,,,"alex, autre vinyl, spinfield"
6369 965,Van Der Graaf Generator,Godbluff,Charisma,"LP, Album, Promo",5,1975,15603738,Uncategorized,2025-04-24 00:56:18,Very Good Plus (VG+),Very Good Plus (VG+),
6369 974,Genesis,A Trick Of The Tail,Charisma,"LP, Album, Gat",,1976,26642057,Uncategorized,2025-04-22 05:06:15,,,
6369 974 A,Genesis,A Trick Of The Tail,Charisma,"LP, Album, Sin",,1976,13047434,Uncategorized,2025-04-22 05:07:09,,,
6369 976,Van Der Graaf Generator,Still Life,Charisma,"LP, Album",2,1976,692852,Uncategorized,2025-04-24 00:54:02,Good Plus (G+),Very Good (VG),griffes d'usures un peu partout
6369 978,Peter Gabriel,Peter Gabriel,Charisma,"LP, Album",,1977,17233921,Uncategorized,2025-04-22 05:13:15,,,
6641 697,Genesis,Seconds Out,Charisma,"2xLP, Album, RP, Gat",,1977,16142841,Uncategorized,2025-04-22 05:04:36,,,
6641 697,Genesis,Seconds Out,Charisma,"2xLP, Album, Gat",,1977,6446904,Uncategorized,2025-04-22 05:34:04,,,
9103 109,Van Der Graaf Generator,Still Life,Charisma,"LP, Album",4,1976,1396792,Uncategorized,2026-04-18 06:21:54,Very Good Plus (VG+),Very Good Plus (VG+),
9124 001,Van Der Graaf Generator,World Record,Charisma,"LP, Album, RP",2,1976,13450076,Uncategorized,2025-04-24 00:55:18,Good Plus (G+),Very Good (VG),"griffes partout donc bruit de fon, chiant mais plus ou moins passable"
9124 001,Van Der Graaf Generator,World Record,Charisma,"LP, Album, Promo",4,1976,13017147,Uncategorized,2025-04-24 00:55:28,Very Good Plus (VG+),Very Good (VG),etiquette N 92 legers cracks au debut
9124 012,Hawkwind,"Quark, Strangeness And Charm",Charisma,"LP, Album",,1977,898789,Uncategorized,2025-04-22 06:04:10,,,
9124 023,Genesis,... And Then There Were Three,Charisma,"LP, Album, Gat",,1978,9068340,Uncategorized,2025-04-22 05:04:03,,,
9124 023,Genesis,... And Then There Were Three,Charisma,"LP, Album, RE, Gat",,1978,6712570,Uncategorized,2025-04-22 05:08:39,,,
9199 191,Van Der Graaf Generator,The Least We Can Do Is Wave To Each Other,Charisma,"LP, Album, RE",4,1978,7602815,Uncategorized,2025-04-24 00:54:37,Very Good Plus (VG+),Very Good Plus (VG+),
CAS 1111,Steve Hackett,Voyage Of The Acolyte,Charisma,"LP, Album, Sma",,1975,12256655,Uncategorized,2025-04-22 06:10:41,,,
CVLD 101,Van Der Graaf Generator,Vital,Charisma,"2xLP, Album",4,1978,1361431,Uncategorized,2025-04-24 00:56:41,Very Good Plus (VG+),Near Mint (NM or M-),
"6369 922, CAS 1058",Genesis,Foxtrot,"Charisma, Charisma","LP, Album, Gat",,1972,566797,Uncategorized,2025-04-22 05:11:24,,,
"6369 944, CAS 1074",Genesis,Selling England By The Pound,"Charisma, Charisma","LP, Album, Gat",,1973,22992398,Uncategorized,2025-04-22 05:10:25,,,
"6641226, 6641 226",Genesis,The Lamb Lies Down On Broadway,"Charisma, Charisma","2xLP, Album",,1974,6912422,Uncategorized,2025-04-22 05:05:00,,,
"9103.134, 9103 134",Peter Gabriel,Peter Gabriel,"Charisma, Charisma","LP, Album",,1980,20291356,Uncategorized,2025-04-22 05:12:52,,,
CRL 5007,Gilli Smyth,Mother,Charly Records,"LP, Album",,1978,565654,Uncategorized,2025-04-22 05:32:39,,,
CRM 2000,Planet Gong (2),Live Floating Anarchy 1977,Charly Records,"LP, Album",,1978,706658,Uncategorized,2025-04-22 05:28:17,,,
6307 511,Procol Harum,Grand Hotel,Chrysalis,"LP, Album, Gat",,1973,1622696,Uncategorized,2025-04-23 01:27:06,,,
6307 515,Jethro Tull,Aqualung,Chrysalis,"LP, Album, RE, Tex",,1973,17465260,Uncategorized,2025-04-22 10:01:08,,,
6307 559,Jethro Tull,Minstrel In The Gallery,Chrysalis,"LP, Album",,1975,4766228,Uncategorized,2025-04-22 09:56:22,,,
6307 575 (CHR 1115),Gentle Giant,Interview,Chrysalis,"LP, Album",,1976,5772283,Uncategorized,2025-04-22 05:17:45,,,
CHR 1004,Procol Harum In Concert With The Edmonton Symphony Orchestra,Live,Chrysalis,"LP, Album",,1972,10212787,Uncategorized,2025-04-23 01:12:24,,,
CHR 1039,Robin Trower,Twice Removed From Yesterday,Chrysalis,"LP, Album, San",3,1973,2156225,Uncategorized,2025-04-24 00:45:08,Very Good (VG),Very Good (VG),bon album rock
CHR 1041,Jethro Tull,This Was,Chrysalis,"LP, Album, RE",,1972,16785099,Uncategorized,2025-04-22 09:57:44,,,
CHR 1078,Jethro Tull,M.U. - The Best Of Jethro Tull,Chrysalis,"LP, Comp, Ter",,1975,7588703,Uncategorized,2025-04-22 09:59:03,,,
"51 1238, 511 238",Jethro Tull,Storm Watch,"Chrysalis, Chrysalis","LP, Album",,1979,26735051,Uncategorized,2025-04-22 09:58:19,,,
2C 062-04096,Pink Floyd,"Soundtrack From The Film ""More""",Columbia,"LP, Album, 1st",,1969,1251443,Uncategorized,2025-04-23 01:25:37,,,
PC 33552,Pavlov's Dog,Pampered Menial,Columbia,"LP, Album, RE, Ter",,1975,2613759,Uncategorized,2025-04-23 01:30:42,,,
PC 34368,Mott The Hoople,Greatest Hits,Columbia,"LP, Comp",,1976,441340,Uncategorized,2025-04-23 00:07:48,,,
5107651,AC/DC,Back In Black,"Columbia, Albert Productions, Sony Music","LP, Album, RE, RM",,2009,1949857,Uncategorized,2025-04-22 00:05:05,,,
"88875034841, 88875 03484 1, 88875048472",AC/DC,Rock Or Bust,"Columbia, Columbia, Columbia","LP, Gat + CD + Album",,2014,6343565,Uncategorized,2025-04-22 00:05:35,,,
840.103,Popol Vuh,"Music From The Film ""Aguirre""",Cosmic Music (2),"LP, Quad",,1976,820690,Uncategorized,2025-04-23 01:28:04,,,
940.115/16,Klaus Schulze / Ash Ra Tempel / The Cosmic Jokers,Discover Cosmic  - The Klaus Schulze Sessions,Cosmic Music (2),"2xLP, Comp",,1977,978798,Uncategorized,2025-04-22 07:01:11,,,
ZAC 6402,Mona Lisa (13),Le Petit Violon De Mr Grégoire,Crypto,"LP, Album",,1976,2022150,Uncategorized,2026-05-12 01:56:18,,Very Good Plus (VG+),
2326 002,Joe Cocker,Cocker Happy,Cube Records,"LP, Comp",,0,1884416,Uncategorized,2025-04-22 03:10:35,,,
CL80123,Bob Marley & The Wailers,Live In Boston 1973,Cult Legends,"LP, Album, Unofficial",5,2019,14394456,Uncategorized,2025-07-26 04:09:38,Mint (M),Mint (M),
CL83544,Led Zeppelin,No Restrictions '69,Cult Legends,"LP, Unofficial",5,2012,16827765,Uncategorized,2025-06-14 07:46:35,Mint (M),Mint (M),
CL91501,Pink Floyd,Paris Theatre 1970 (Live Radio Broadcast),Cult Legends,"LP, Album, Unofficial, 180",5,2023,30941569,Uncategorized,2025-06-05 02:09:37,Mint (M),Mint (M),
DBQP96,Led Zeppelin,Mudslide,DBQP,"LP, Unofficial",5,2025,34526710,Uncategorized,2026-04-18 06:15:25,Mint (M),Mint (M),
"210.003, 210.003 B",Them (3) Avec Van Morrison,Them Avec Van Morrison,"Decca, Decca","LP, Comp, RE",4,1973,1117820,Uncategorized,2025-04-24 00:57:49,Very Good Plus (VG+),Very Good (VG),
"211 005, TXS-R 132, 211 005 B",Camel,Breathless,"Decca, Decca, Decca","LP, Album",,1978,29362858,Uncategorized,2025-04-22 02:15:21,,,
140.005,Ten Years After,Stonedhenge,Deram,"LP, Album, Gat",5,1969,5190114,Uncategorized,2025-04-23 00:09:02,Very Good Plus (VG+),Near Mint (NM or M-),
SML 1033,Touch (2),Touch,Deram,"LP, Album",,1969,2499326,Uncategorized,2026-05-04 06:12:41,,,
"DIS 59207, DS 2216",Frank Zappa And The Mothers,One Size Fits All,"Discreet, Discreet","LP, Album, RE",5,1978,6944752,Uncategorized,2025-04-24 02:03:02,Very Good Plus (VG+),Very Good (VG),
ALBUM 202,John Lee Hooker & Canned Heat,Boogie With Hooker N' Heat,Disques Festival,"2xLP, Comp, Gat",,1976,6826734,Uncategorized,2025-04-22 02:12:44,,,
195.002,Jimi Hendrix And Curtis Knight,Get That Feeling,Disques London,"LP, Album",,1968,5279298,Uncategorized,2025-04-22 06:42:47,,,
19802905431,Vald (4),Pandemonium ,Echelon Records (5),"2xLP, Album",5,2025,33546018,Uncategorized,2026-04-17 03:11:10,Mint (M),Mint (M),
"EGED 23, special OBS 3",Brian Eno,Discreet Music,"Editions EG, Polydor, Obscure (2)","LP, Album, RE",,0,1044129,Uncategorized,2025-04-22 04:14:55,,,
ED 238,Dr. Feelgood,Be Seeing You,Edsel Records,"LP, Album, RE",,1987,26537279,Uncategorized,2025-04-22 03:53:46,,,
2302 112,King Crimson,Discipline,EG,"LP, Album",,1981,1102590,Uncategorized,2025-04-22 01:44:16,,,
ELK 62 009,The Doors,Weird Scenes Inside The Gold Mine,Elektra,"2xLP, Comp, RP, Gat",,1973,2910189,Uncategorized,2025-04-22 04:03:17,,,
"ELK 42 143, 42143",The Doors,The Best Of Doors,"Elektra, Elektra","LP, Comp",,0,5971092,Uncategorized,2025-04-22 04:01:41,,,
"ELK 52 065, 6E-121",Lenny White,Presents The Adventures Of Astral Pirates,"Elektra, Elektra","LP, Album, Gat",5,1978,1248936,Uncategorized,2026-04-15 00:14:03,Near Mint (NM or M-),Very Good Plus (VG+),
"ELK 52 088, 6E-135",The Cars,The Cars,"Elektra, Elektra","LP, Album",,1978,3354122,Uncategorized,2025-04-22 01:48:24,,,
"ELK 52254, 5E-515",The Doors,Greatest Hits,"Elektra, Elektra","LP, Comp, RE, RM",,1980,13057337,Uncategorized,2025-04-22 03:58:37,,,
"ELK 42 090, 42 090, EKS 75011",The Doors,L.A. Woman,"Elektra, Elektra, Elektra","LP, Album, RE",,1982,1716704,Uncategorized,2025-04-22 04:00:14,,,
"K 42 116, ELK 42 116, EKS 75038",The Doors,Full Circle,"Elektra, Elektra, Elektra","LP, Album, RE, Gat",,0,25026607,Uncategorized,2025-04-22 03:57:48,,,
1A 062-07339,Kate Bush,Never For Ever,EMI,"LP, Album, W/Lbl",,1980,31832324,Uncategorized,2025-04-22 01:25:10,,,
2C 066 14250,Jacques Higelin,Irradié,EMI,"LP, Album",,1975,1337674,Uncategorized,2025-04-22 06:57:15,,,
2C 066-05.438,Cockney Rebel,The Human Menagerie,EMI,"LP, Album, TP, Gat",,1973,25826047,Uncategorized,2025-04-23 05:05:49,,,
5C 062-06297,The Shadows,20 Golden Greats,EMI,"LP, Comp",,1977,448478,Uncategorized,2026-05-16 07:24:20,,,
ST-517226,Stray Cats,Rock Therapy,EMI America,"LP, Album",,1986,16464735,Uncategorized,2025-04-23 05:50:48,,,
"1 C 072-97176, 1A 062-97176",Queen,A Night At The Opera,"EMI Electrola, EMI","LP, Album, M/Print, Gat",,1975,15910357,Uncategorized,2025-04-23 01:38:53,,,
"EMA 795, OC64-63 923, 2C 070 - 63.923",Queen,The Game,"EMI, EMI, EMI","LP, Album, Foi",,1980,9589342,Uncategorized,2025-04-23 01:39:41,,,
"2C 048 - 50.740, C 048-50740",Pink Floyd,Relics ,"Emidisc (2), Emidisc (2)","LP, Comp",,1971,11920933,Uncategorized,2025-04-23 01:23:42,,,
"C 048 50740, 3C 048 - 50740",Pink Floyd,Relics,"Emidisc (2), Emidisc (2)","LP, Comp",,1971,1590177,Uncategorized,2025-04-23 01:23:26,,,
EPC 25534,Stevie Ray Vaughan & Double Trouble,Texas Flood,Epic,"LP, Album",,1983,749010,Uncategorized,2025-04-23 05:43:22,,,
EPC 26044,Sade,Diamond Life,Epic,"LP, Album, Gat",,1984,3783783,Uncategorized,2025-04-23 05:27:05,,,
EPC 32491,"Beck, Bogert & Appice","Beck, Bogert & Appice",Epic,"LP, Album, RE",,0,14160717,Uncategorized,2025-04-22 01:35:34,,,
EPC 81611,Boston,Boston,Epic,"LP, Album, M/Print",,1976,30130931,Uncategorized,2025-04-22 01:38:24,,,
EPC 86083,Cheap Trick,Cheap Trick At Budokan,Epic,"LP, Album, Gat",,1979,15632798,Uncategorized,2025-04-22 02:24:43,,,
EPC 86318,Sade,Promise,Epic,"LP, Album, Gat",,1985,9420642,Uncategorized,2025-04-23 05:27:59,,,
"EPC 26044, 26044",Sade,Diamond Life,"Epic, Epic","LP, Album, Gat",5,1984,8897144,Uncategorized,2025-04-23 05:27:42,Near Mint (NM or M-),Near Mint (NM or M-),
"EPC 32028, 32028",Ted Nugent,Ted Nugent,"Epic, Epic","LP, Album, RE",4,1983,9211673,Uncategorized,2025-04-24 00:46:05,Very Good (VG),Very Good Plus (VG+),
"EPC 32113 , 32113",Poco (3),Poco,"Epic, Epic","LP, Album, RE",,1982,6397744,Uncategorized,2025-04-23 01:13:48,,,
"EPC 81397, PE 34121",Ted Nugent,Free-For-All,"Epic, Epic","LP, Album, Gat",4,1976,4990564,Uncategorized,2025-04-24 00:46:40,Very Good Plus (VG+),Very Good Plus (VG+),
"EPC 81611, PE 34188",Boston,Boston,"Epic, Epic","LP, Album",,1976,1679767,Uncategorized,2025-04-22 01:38:44,,,
"EPC 81728, S EPC 81728",Kansas (2),Leftoverture,"Epic, Epic","LP, Album",,1976,2330166,Uncategorized,2025-04-22 23:30:35,,,
"EPC 86012, S EPC 86012",Jeff Beck,Wired,"Epic, Epic","LP, Album, Yel",,1976,659640,Uncategorized,2025-04-22 01:37:35,,,
"EPC 85930, 85930, QE 38112",Michael Jackson,Thriller,"Epic, Epic, Epic","LP, Album, Gat",,1982,152946,Uncategorized,2025-04-22 09:51:44,,,
6009,Creedence Clearwater Revival,Live In Europe,Fantasy,"2xLP, Album, Gat",,1973,4309445,Uncategorized,2025-04-22 02:43:32,,,
none,Fauve (3),Blizzard,Fauve Corp,"12"", EP, RE, Red",5,2022,26053564,Uncategorized,2025-04-27 04:56:14,Mint (M),Mint (M),
none,Fauve (3),Vieux Frères Partie 2,Fauve Corp,"LP, Album, RP, Whi",5,2017,27708483,Uncategorized,2026-04-18 06:27:57,Mint (M),Mint (M),
SHARP 014,Hawkwind,Zones,Flicknife Records,"LP, Album",,1983,1031695,Uncategorized,2025-04-22 06:01:07,,,
SHARP 036,Hawkwind,Independent Days Vol. 2,Flicknife Records,"LP, Comp",,1986,1728095,Uncategorized,2025-04-22 06:09:47,,,
SHARP 2045,Various,Travellers Aid Trust,Flicknife Records,"2xLP, Comp",,1988,1367920,Uncategorized,2025-04-22 06:08:44,,,
6325 304,Alan Stivell,Chemins De Terre,Fontana,"LP, Album, Gat",5,1973,1434487,Uncategorized,2025-04-27 04:59:11,Very Good Plus (VG+),Near Mint (NM or M-),
6369 001,Atomic Rooster,Atomic Rooster,Fontana,"LP, Album",,1970,6252622,Uncategorized,2025-04-22 00:28:48,,,
70618,Richard Gotainer,Le Forgeur De Tempos,"Gatkess, Virgin","LP, Album, RE",,1988,7182438,Uncategorized,2026-05-12 01:57:38,,,
"GEF 25509, GHS 4002",The Plimsouls,Everywhere At Once,"Geffen Records, Geffen Records","LP, Album",4,1983,1496515,Uncategorized,2025-04-23 06:26:17,Very Good Plus (VG+),Very Good (VG),
"85577, GEF 85577, GHS 2008",Asia (2),Asia,"Geffen Records, Geffen Records, Geffen Records","LP, Album",,1982,5889613,Uncategorized,2025-04-22 00:32:22,,,
"49301, GD-01",The Grateful Dead,Wake Of The Flood,"Grateful Dead Records, Grateful Dead Records","LP, Album",,1973,1929323,Uncategorized,2025-04-22 03:26:50,,,
BFL1-0820,Hot Tuna,America's Choice,Grunt (3),"LP, Album",,1975,16110675,Uncategorized,2025-04-22 06:53:06,,,
GWLP 26,Hawkwind,The Xenon Codex,GWR Records,"LP, Album",,1988,672016,Uncategorized,2025-04-22 06:07:05,,,
2C 064-05249,Pink Floyd,The Dark Side Of The Moon,Harvest,"LP, Album, Gat",,1973,8219212,Uncategorized,2025-04-23 01:21:15,,,
2C 066-05883,Roy Harper,HQ,Harvest,"LP, Album",,1975,1740936,Uncategorized,2025-04-22 06:12:40,,,
2C 068-98434,Pink Floyd,Animals,Harvest,"LP, Album, Gat",,1977,386895,Uncategorized,2025-04-23 01:21:46,,,
4C 064-99289,Machiavel,Jester,Harvest,"LP, Album, Gat",,1977,681177,Uncategorized,2025-04-23 00:18:53,,,
SHVL 775,Quatermass (3),Quatermass,Harvest,"LP, Album, Gat",,1970,4672971,Uncategorized,2025-04-23 01:40:30,,,
SHVL 814,Pink Floyd,Wish You Were Here,Harvest,"LP, Album",,1975,463597,Uncategorized,2025-04-23 01:17:41,,,
1C 062-29 521,Eloy,Floating,"Harvest, EMI Electrola","LP, Album, RP",,1976,23701676,Uncategorized,2025-04-22 04:27:02,,,
"1A 158-63410, 1A 158-63411",Pink Floyd,The Wall,"Harvest, Harvest","2xLP, Album, RE, Gat",,1979,394516,Uncategorized,2025-04-23 01:18:42,,,
"2C 064-90749, 2C 064-90.749","Deep Purple, Royal Philharmonic Orchestra  Conducted By Malcolm Arnold",Concerto For Group And Orchestra,"Harvest, Harvest","LP, Album, RE, Gat",,1972,651362,Uncategorized,2025-04-22 03:23:25,,,
"4C064-23805, 064-23805",Machiavel,Mechanical Moonbeams,"Harvest, Harvest","LP, Album, Gat",,1978,880938,Uncategorized,2025-04-23 00:17:54,,,
"5C 062-29471, C 062-29 471",Sweet Smoke,Darkness To Light,"Harvest, Harvest","LP, Album",,1973,7411138,Uncategorized,2025-04-23 05:49:52,Very Good Plus (VG+),Near Mint (NM or M-),
"SHDW 1/2, 1 C 188-04 222/23",Pink Floyd,Ummagumma,"Harvest, Harvest","2xLP, Album",,1969,8568743,Uncategorized,2025-04-23 01:20:08,,,
"SHTW 800, OC 153-99 090/1/2",Soft Machine,Triple Echo,"Harvest, Harvest","3xLP, Comp, Mono + Box",,1977,522274,Uncategorized,2025-04-23 05:47:10,,,
"SHVL 765, 1E 062 ○ 04261",Syd Barrett,The Madcap Laughs,"Harvest, Harvest","LP, Album, Gat",,1970,6511559,Uncategorized,2025-04-22 01:01:06,,,
"SHVL 765, 1E 062 ◦ 04261",Syd Barrett,The Madcap Laughs,"Harvest, Harvest","LP, Album, Gat",,1970,831035,Uncategorized,2025-04-22 01:01:30,,,
"SHVL 789, IE 062 ○ 04739",Roy Harper,Stormcock,"Harvest, Harvest","LP, Album, RP",,1971,3513725,Uncategorized,2025-04-22 06:12:04,,,
"4 C 148○50203-4, C 148○50203-4",Pink Floyd,A Nice Pair,"Harvest, Harvest, EMI Belgium, EMI Belgium","LP, Album + LP, Album + Comp, RE, Gat",,1973,2821619,Uncategorized,2025-04-23 01:24:26,,,
"SHSP 4020, 1C 062-05 054, 1 C 062-05 054",Pink Floyd,Obscured By Clouds,"Harvest, Harvest, Harvest","LP, Album, Rou",,1972,9524114,Uncategorized,2025-04-23 01:15:56,,,
"SMH 2212/13, SHDW 1/2, 1E 054 ⚬ 04222, 1E 054 ⚬ 04",Pink Floyd,Ummagumma,"Harvest, Harvest, Harvest, Harvest","2xLP, Album",,1969,32572905,Uncategorized,2025-04-23 01:19:39,,,
"883 009, 883009",Dan Ar Braz,Douar Nevez = Terre Nouvelle,"Hexagone, Hexagone","LP, Album, Gat",,1977,1734748,Uncategorized,2025-04-22 03:44:33,,,
SHZE 266,Steppenwolf,Early Steppenwolf,HÖR ZU,"LP, Album",,1969,1875341,Uncategorized,2025-04-23 05:51:57,,,
"1 C 148-93 603/04 D, 1 C 148-93 603/04, 1 C 148-93",The Nice,1967-69,"Immediate, Immediate, Immediate, Immediate","2xLP, Comp",,1972,3164789,Uncategorized,2026-05-04 06:03:33,,,
"SM3721, SM 3721",Led Zeppelin,Led Zeppelin,"International Joker Production, Joker (2)","LP, Unofficial",,1974,5091221,Uncategorized,2025-04-22 23:53:43,,,
204 218-320,Charlélie Couture,Poèmes Rock,Island Records,"LP, Album",,1981,3944854,Uncategorized,2025-04-22 02:09:39,,,
209 363,Tom Waits,Big Time,Island Records,"LP, Album",5,1988,12915278,Uncategorized,2025-04-24 01:25:43,Near Mint (NM or M-),Near Mint (NM or M-),
28 819 XOT,Bob Marley & The Wailers,Exodus,Island Records,"LP, Album",,1977,21692293,Uncategorized,2025-04-23 00:16:56,,,
89 091 XOT,Cat Stevens,Greatest Hits,Island Records,"LP, Comp, RE",,1979,6687870,Uncategorized,2025-04-22 02:34:26,,,
9123 003,Bob Marley & The Wailers,Live!,Island Records,"LP, Album",5,1975,9443418,Uncategorized,2026-04-08 09:38:20,Near Mint (NM or M-),Near Mint (NM or M-),
9123 007,Bob Marley & The Wailers,Rastaman Vibration,Island Records,"LP, Album, Gat",,1976,7445336,Uncategorized,2025-04-23 00:16:18,,,
HELP 16,Fripp & Eno,(No Pussyfooting),Island Records,"LP, Album, Gat",,1973,1277998,Uncategorized,2025-04-22 04:48:30,,,
HELP 6,King Crimson,Earthbound,Island Records,"LP, Album",,1972,10503459,Uncategorized,2025-04-22 02:40:03,,,
ILPS 9179,Mountain,Flowers Of Evil,Island Records,"LP, Album, RP",,1971,7937764,Uncategorized,2025-04-27 04:59:53,Very Good Plus (VG+),Very Good Plus (VG+),"courte mais grosse griffe sur face B, ne s'entend pas trop a l'ecoute ;)"
ILPS 9279,Bad Company (3),Bad Company,Island Records,"LP, Album, RP, Gat",3,1974,6201489,Uncategorized,2025-04-22 01:07:04,Very Good (VG),Very Good (VG),Griffes mais écoutable ;)
ILPS 9291,Kevin Ayers - John Cale - Brian Eno - Nico (3),"June 1, 1974",Island Records,"LP, Album, Pin",,1974,677158,Uncategorized,2025-04-24 02:07:53,,,
ILPS 9308,King Crimson,Red,Island Records,"LP, Album",,1974,702337,Uncategorized,2025-04-22 02:41:59,,,
ISLD 2,Traffic,On The Road,Island Records,"2xLP, Album",4,1973,8587651,Uncategorized,2025-04-24 00:47:29,Very Good Plus (VG+),Very Good Plus (VG+),
6396 017,Uriah Heep,Demons And Wizards,"Island Records, Bronze","LP, Album, Gat",,1972,2651730,Uncategorized,2025-04-22 06:17:10,,,
6396 021,Uriah Heep,The Magician's Birthday,"Island Records, Bronze","LP, Album, Gat",,1972,2367768,Uncategorized,2025-04-22 06:18:48,,,
6499 656,Uriah Heep,Sweet Freedom,"Island Records, Bronze","LP, Album, Gat",,1973,2575104,Uncategorized,2025-04-22 06:22:44,,,
"200 662-320, 200 662",Robert Palmer,Secrets,"Island Records, Island Records","LP, Album",,1979,4216377,Uncategorized,2025-04-23 01:14:48,,,
"200 776, 200 776-320",The B-52's,Play Loud,"Island Records, Island Records","LP, Album, Club",,1979,27950637,Uncategorized,2026-05-04 06:07:09,,,
"201 219, 201 219-320",Murray Head,Say It Ain't So,"Island Records, Island Records","LP, Album, RE",,1981,1392753,Uncategorized,2025-04-23 00:23:53,,,
"202 587, 202 587-320",The B-52's,Wild Planet,"Island Records, Island Records","LP, Album",3,1980,13061686,Uncategorized,2026-05-04 06:05:27,Good Plus (G+),Very Good (VG),
"202.592, 202 592-320",Robert Palmer,Clues,"Island Records, Island Records","LP, Album",,1980,15212380,Uncategorized,2025-04-23 01:14:29,,,
"6339 017, ILPS 9139",Renaissance (4),Illusion,"Island Records, Island Records","LP, Album, Pin",,1971,2733427,Uncategorized,2025-04-23 05:04:01,,,
"88 182 XAT, ILPS 9127",King Crimson,In The Wake Of Poseidon,"Island Records, Island Records","LP, Album, RE",,1974,3666618,Uncategorized,2025-04-22 02:39:12,,,
"ILPS 9103, ILPS-9103",Jethro Tull,Stand Up,"Island Records, Island Records","LP, Album, Gat",5,1969,1209024,Uncategorized,2025-07-26 04:06:26,Very Good Plus (VG+),Near Mint (NM or M-),
"27 000 XOT, 27 000 G T, ILPS 9346",Bad Company (3),Run With The Pack,"Island Records, Island Records, Island Records","LP, Album, Gat",,1976,33205899,Uncategorized,2025-04-22 01:08:35,,,
88875173871,David Bowie,★ (Blackstar),"ISO Records, Columbia, Sony Music","LP, Album, MPO",,2016,7932038,Uncategorized,2026-05-04 23:12:42,Very Good Plus (VG+),Very Good (VG),No inner sleeve :/
JZ 35533,Electric Light Orchestra,Electric Light Orchestra II,Jet Records,"LP, Album, Gat",,1973,33619014,Uncategorized,2025-04-22 04:28:23,,,
SKI 5049,Tom Jones,On Stage,K-Tel,"LP, Comp",,1982,1348394,Uncategorized,2026-05-04 06:16:48,,,
9101 850,Alan Stivell,E Dulenn = À Dublin - National Stadium,Keltia III,"LP, Album",,1975,3099333,Uncategorized,2025-04-23 05:22:34,,,
9101 852,Alan Stivell,'Raok Dilestra = Avant D'accoster,Keltia III,"LP, Album, Gat",,1977,1167480,Uncategorized,2025-04-23 05:23:05,,,
574015,Caravan,The Album,"Kingdom Records, Vogue","LP, Album",,1980,1927174,Uncategorized,2025-04-22 02:37:02,,,
ESC 371,Jean-Pierre Alarcen,Jean Pierre Alarcen,L'Escargot,"LP, Album, Gat",,1978,1813792,Uncategorized,2025-04-22 00:19:38,,,
"LD-A-8000, LD-A 8000","Dmitri Shostakovich, Евгений Долматовский - Иван Петров, Виталий Кильчевский, Государственный Академический Русский Хор Им. А. В. Свешникова et Russian State Symphony Orchestra, Evgeny Mravinsky",Le Chant Des Forêts,"Le Chant Du Monde, Le Chant Du Monde","10"", Mono",,0,3043589,Uncategorized,2026-05-12 01:58:57,,,
MT 44019,"Caravan, Jackson Heights",Pop Made In England (Pop 1),Les Disques Motors,"LP, Comp",,1973,5972308,Uncategorized,2025-04-22 02:36:17,,,
1A 062-83100,Fischer-Z,Red Skies Over Paradise,Liberty,"LP, Album, No ",5,1981,8419069,Uncategorized,2026-04-14 23:26:07,Near Mint (NM or M-),Near Mint (NM or M-),
LBG 83400,Creedence Clearwater Revival,Pendulum,Liberty,"LP, Album, Gat",,1971,380100,Uncategorized,2025-04-22 02:45:14,,,
LBG 83464,Man,Man,Liberty,"LP, Album, Tex",,1971,2322934,Uncategorized,2025-04-23 00:22:31,,,
"LBS 83 359/60 X, 83 359/60 X",Amon Düül II,Yeti,"Liberty, Liberty","2xLP, Album, M/Print, Gat",,1970,10811958,Uncategorized,2025-04-22 00:22:45,,,
LTM 1002,Planet Gong (2),Live Floating Anarchy 1977,LTM (2),"LP, Album, W/Lbl",,1978,20878948,Uncategorized,2025-04-22 05:26:21,,,
33 501,"Emerson, Lake & Palmer",Pictures At An Exhibition,Manticore,"LP, Album, RE, Gat",,1979,9136221,Uncategorized,2025-04-22 04:16:10,,,
87 227 IT,"Emerson, Lake & Palmer",Trilogy,Manticore,"LP, Album, RE",,0,8956372,Uncategorized,2025-04-22 04:26:22,,,
K 53501,"Emerson, Lake & Palmer",Brain Salad Surgery,Manticore,"LP, Album, Gim",,1973,1080334,Uncategorized,2025-04-22 04:17:57,,,
"43504, 43.504","Emerson, Lake & Palmer",Tarkus,"Manticore, Manticore","LP, Album, RE, Gat",4,1974,9252527,Uncategorized,2025-04-24 00:38:35,Very Good Plus (VG+),Very Good Plus (VG+),
"87 302 IT, 87302IT","Emerson, Lake & Palmer",Brain Salad Surgery,"Manticore, Manticore","LP, Album",,1973,14822612,Uncategorized,2025-04-22 04:18:55,,,
"K63500, K 63500","Emerson, Lake & Palmer",Welcome Back My Friends To The Show That Never Ends - Ladies And Gentlemen,"Manticore, Manticore","3xLP, Album",,1974,7336271,Uncategorized,2025-04-22 04:22:15,,,
250 528-1,Lynyrd Skynyrd,Gimme Back My Bullets,MCA Records,"LP, Album, RE",,1984,900858,Uncategorized,2025-04-22 23:55:20,,,
"201 345, 201 345-270",Steely Dan,Can't Buy A Thrill,"MCA Records, MCA Records","LP, Album, RE, RP",,1980,12680907,Uncategorized,2025-04-23 05:56:35,,,
"250 443-1, MCA 37069 ",Lynyrd Skynyrd,Nuthin' Fancy,"MCA Records, MCA Records","LP, Album, RE",,1984,900849,Uncategorized,2025-04-22 23:56:55,,,
"152.98207/8, MCA2-6001, 5C 152-98207, 5C 152-98208",Lynyrd Skynyrd,One More From The Road,"MCA Records, MCA Records, MCA Records, MCA Records","2xLP, Album, RE",,1976,3921670,Uncategorized,2025-04-22 23:56:03,,,
MD 0057,Christiane Stefanski,Christiane Stefanski,MD (6),LP,,1980,5140267,Uncategorized,2026-05-12 01:56:56,,,
6302 210,J.J. Cale,Shades,Mercury,"LP, Album, RE",,1982,26588003,Uncategorized,2025-04-22 02:17:48,,,
6333 002,Aphrodite's Child,Best Of Aphrodite's Child,Mercury,"LP, Comp, Promo, Gat",,1971,32156481,Uncategorized,2025-04-22 00:25:02,,,
9199 916,Steve Miller Band,Greatest Hits 1974-78,Mercury,"LP, Comp",,1978,839211,Uncategorized,2025-04-23 00:24:51,,,
A189,Pierre Rapsat,Lâchez Les Fauves,Milan,"LP, Album",,1982,3135174,Uncategorized,2026-05-12 02:11:47,,,
2C 070 64121,Stevie Wonder,Hotter Than July,Motown,"LP, Album, Gat",3,1980,463363,Uncategorized,2025-04-24 01:13:23,Very Good (VG),Very Good (VG),
"5C 158-97900/1, 1A 158-97900, 1C 190-97 900/01",Stevie Wonder,Songs In The Key Of Life,"Motown, Motown, Motown","2xLP, Album + 7"", EP",3,1976,4966518,Uncategorized,2025-04-24 01:12:44,Very Good (VG),Very Good Plus (VG+),
PCSJ(Y) 720,Wings (2),Wings Over America,MPL (2),"3xLP, Album, Gat",5,1976,4586232,Uncategorized,2025-04-24 01:09:36,Very Good Plus (VG+),Very Good Plus (VG+),
300 MR 8,Ravi Shankar,Four Raga Moods,Mushroom (2),"2xLP, Comp, Bro",5,1971,2061392,Uncategorized,2025-04-24 00:28:13,Near Mint (NM or M-),Very Good Plus (VG+),
4M024-61613,Burt Blanca,Instrumental,Music For Pleasure,"LP, Album",,1979,15739873,Uncategorized,2026-05-16 07:23:21,,,
MOVLP457,Rory Gallagher,Irish Tour '74..,"Music On Vinyl, Sony Music, Capo (2), Legacy","2xLP, Album, RE, RM, 180",,2012,3548251,Uncategorized,2025-04-22 05:14:20,,,
30 CO 1471,Various,Les Grands Succès Du Jazz Nouvelle-Orleans,Musidisc,"LP, Comp",4,0,8493148,Uncategorized,2026-04-16 12:37:56,Very Good Plus (VG+),Very Good Plus (VG+),
30 CV 1317,The Glenn Miller Orchestra,A Memorial For Glenn Miller,Musidisc,"LP, Comp",5,1970,5965148,Uncategorized,2026-05-04 06:10:52,Very Good Plus (VG+),Very Good Plus (VG+),Très bon jazz
CCV 2506,Jimi Hendrix,The Greatest Original Sessions,Musidisc,"4xLP, Comp + Box, Comp",,1974,9067900,Uncategorized,2025-04-22 06:43:49,,,
6029,Creedence Clearwater Revival,Creedence Gold,"Musidisc, Fantasy","LP, Comp, Gat",,1973,2351411,Uncategorized,2025-04-22 02:46:57,,,
"ATL 50184, NE 432",Jan Hammer,The First Seven Days,"Nemperor Records, Nemperor Records","LP, Album",,1975,27050427,Uncategorized,2025-04-22 06:33:26,,,
"075597893359, 075587893359",Robert Plant With Suzi Dian,Saving Grace: All That Glitters...,"Nonesuch, Es Paranza Records","12"", EP, RSD",5,2026,37102977,Uncategorized,2026-04-18 11:10:00,Mint (M),Mint (M),
075597895322,Robert Plant With Suzi Dian,Saving Grace ,"Nonesuch, Es Paranza Records","LP, Album, Fru",5,2025,35200066,Uncategorized,2026-04-14 01:00:24,Mint (M),Mint (M),incroyable reconversion de Plant
LZ 752010,Led Zeppelin,Earls Court,Not On Label (Led Zeppelin),"2xLP, Unofficial, Gre",2,2011,2873714,Uncategorized,2026-04-18 06:18:16,Near Mint (NM or M-),Mint (M),not the best recording
"940 509, 940.509",Tangerine Dream,Alpha Centauri,"Ohr, Cosmic Music (2)","LP, Album, RE, Gat",5,1975,11277064,Uncategorized,2025-04-24 00:41:00,Very Good Plus (VG+),Very Good Plus (VG+),
"OMM 556 004, OMM 556.004",Tangerine Dream,Electronic Meditation,"Ohr, Ohr","LP, Album, RP, Gat",2,1971,226474,Uncategorized,2026-04-22 12:53:22,Good (G),Very Good (VG),craque un peu malgre tout
"OMM 56 013, OMM 56.013",Ash Ra Tempel,Ash Ra Tempel,"Ohr, Ohr","LP, Album",,1971,995205,Uncategorized,2025-04-22 00:18:08,Very Good Plus (VG+),Very Good (VG),
"OMM 56.013, OMM 556013",Ash Ra Tempel,Ash Ra Tempel,"Ohr, Ohr","LP, Album, RP",5,1972,4089082,Uncategorized,2026-04-19 02:33:09,Near Mint (NM or M-),Very Good Plus (VG+),
3363396,Georgio (8),Héra,"Panenka Music, Wagram Music","2xLP, Album",5,2016,25663963,Uncategorized,2026-04-21 10:51:33,Mint (M),Mint (M),
2C 154-14491/92/93,Julien Clerc,Julien Clerc (Enregistrement Public 1977),Pathé,"3xLP, Album, Tri",,1977,3394369,Uncategorized,2025-04-22 03:15:09,,,
2C 068 14482,Gérard Manset,2870,Pathé Marconi EMI,"LP, Album, RP",,1978,10135222,Uncategorized,2026-05-12 02:09:43,,,
"2C 068 - 14.554, 2 C.068.14554, 2.C.068.14554",Jacques Higelin,No Man's Land,"Pathé, Pathé, Pathé","LP, Album",,1978,9707292,Uncategorized,2026-05-12 02:10:46,,,
BPL1-0954,Leslie West,The Great Fatsby,Phantom Records (5),"LP, Album",5,1975,1891901,Uncategorized,2025-04-24 01:05:07,Very Good Plus (VG+),Good Plus (G+),
6305 231,Kraftwerk,Autobahn,Philips,"LP, Album",4,1974,15159,Uncategorized,2025-04-22 23:28:30,Very Good Plus (VG+),Very Good Plus (VG+),
6313 156,Ange (4),Moteur!,Philips,"LP, Album, Gat",,1981,1982071,Uncategorized,2025-04-22 00:14:06,,,
6313 270,Serge Gainsbourg,Mauvaises Nouvelles Des Étoiles,Philips,"LP, Album",5,1981,749075,Uncategorized,2026-04-08 10:50:44,Near Mint (NM or M-),Near Mint (NM or M-),
6313 486,Richard Gotainer,Grands  Succès,Philips,"LP, Comp",,1981,3452741,Uncategorized,2025-04-22 05:15:38,,,
6320 036,"Bob, Frank En Zussen","Bob, Frank En Zussen",Philips,"LP, Album",,1977,4312356,Uncategorized,2026-05-16 07:21:51,,,
6325 181,Ange (4),Caricatures,Philips,"LP, Album, RE",,1975,1910144,Uncategorized,2025-04-22 00:13:11,,,
6325 198,Jacques Brel,Greatest Hits,Philips,"LP, Comp",,1974,688830,Uncategorized,2025-04-22 01:23:06,,,
6369 905,Genesis,Trespass,Philips,"LP, Album, Gat",,1970,5523707,Uncategorized,2025-04-22 05:09:47,,,
6395 001/002,Magma (6),Magma,Philips,"2xLP, Album, BIE",,1970,9519935,Uncategorized,2025-04-23 00:14:20,,,
6641 715,Ange (4),Tome VI,Philips,"2xLP, Album",,1977,2192877,Uncategorized,2025-04-22 00:16:05,,,
6680261,Johnny Hallyday,"Super Hits ""Le Pénitencier""",Philips,"2xLP, Comp, RE",,0,2485996,Uncategorized,2025-04-22 06:52:20,,,
811 334-1,"John McLaughlin, Al Di Meola, Paco De Lucía","Passion, Grace & Fire",Philips,"LP, Album",,1983,1860007,Uncategorized,2025-04-22 03:49:32,,,
822 849-1,Serge Gainsbourg,Love On The Beat,Philips,"LP, Album",5,1984,7992388,Uncategorized,2026-04-08 10:49:58,Near Mint (NM or M-),Near Mint (NM or M-),
9101 012,Ange (4),Emile Jacotey,Philips,"LP, Album, Gat",,1975,1364140,Uncategorized,2025-04-22 00:14:57,,,
9101 012,Ange (4),Emile Jacotey,Philips,"LP, Album, RE, Gat",,0,24297737,Uncategorized,2025-04-22 00:15:40,,,
9101 090,Ange (4),Par Les Fils De Mandrin,Philips,"LP, Album, Gat",,1976,14676850,Uncategorized,2025-04-22 00:13:43,,,
9101 092,Georges Brassens,Nouvelles Chansons,Philips,"LP, Album",5,1976,5618402,Uncategorized,2025-04-27 05:05:37,Near Mint (NM or M-),Near Mint (NM or M-),
9101 097,Serge Gainsbourg,L'Homme À Tête De Chou,Philips,"LP, Album, Pin",5,1976,21552916,Uncategorized,2026-04-11 03:50:52,Near Mint (NM or M-),Near Mint (NM or M-),"Un classique
"
9101 184,Ange (4),Guet-Apens,Philips,"LP, Album",,1978,1364134,Uncategorized,2025-04-22 00:14:34,,,
9101 218,Serge Gainsbourg,Aux Armes Et Cætera,Philips,"LP, Album",,1979,7743449,Uncategorized,2025-04-22 05:18:27,,,
"6.311 001, 6311 001",Ekseption,Classic In Pop,"Philips, Philips","LP, Album, RE",,1970,1391355,Uncategorized,2025-04-22 04:13:45,,,
"9 101 151, 9101 151",Georges Brassens,12 (Don Juan),"Philips, Philips","LP, Album, RE, Gat",,1977,683774,Uncategorized,2025-04-22 01:11:23,,,
"P 77.847 L, B 77.847 L",Georges Brassens,I,"Philips, Philips","LP, Album, Comp, Mono, RE",5,0,10098089,Uncategorized,2025-05-12 08:37:52,Near Mint (NM or M-),Near Mint (NM or M-),"mastering curieux, brassens sonne moins grave, plus jeunot -> trop aigu ?"
2310 381 A,Golden Earring,Switch,Polydor,"LP, Album",,1975,2296345,Uncategorized,2025-04-22 05:16:38,,,
2310 520,King Crimson,Larks' Tongues In Aspic,Polydor,"LP, Album, RE",,0,2629725,Uncategorized,2025-04-22 01:45:39,,,
2310 522,King Crimson,Red,Polydor,"LP, Album, RE",,1977,2001012,Uncategorized,2025-04-22 02:38:00,,,
2310 575,Roxy Music,Greatest Hits,Polydor,"LP, Comp",,1977,818643,Uncategorized,2025-04-23 05:07:22,,,
2344 131,Vangelis,China = 中國,Polydor,"LP, Album, 3 r",3,1979,7580881,Uncategorized,2025-04-24 01:02:44,Very Good (VG),Very Good Plus (VG+),legers griffes multiples
2383 361,Barclay James Harvest,Time Honoured Ghosts,Polydor,"LP, Album",,1975,808516,Uncategorized,2025-04-22 06:25:27,,,
2391 192,Roy Buchanan,Live Stock,Polydor,"LP, Album",,1975,2917649,Uncategorized,2025-04-22 01:19:45,,,
2391 217,Chick Corea,The Leprechaun,Polydor,"LP, Album",,1976,2945545,Uncategorized,2025-04-22 00:59:17,,,
2393 296,Maxime Le Forestier,Dans Ces Histoires ...,Polydor,"LP, Album",,1981,5372358,Uncategorized,2025-04-22 04:54:57,,,
2473 046,Maxime Le Forestier,Maxime Le Forestier,Polydor,"LP, Album, Gat",,1975,794089,Uncategorized,2025-04-22 04:54:40,,,
2473 055,Maxime Le Forestier,Maxime Le Forestier,Polydor,"LP, Album, Gat",,1976,1798477,Uncategorized,2025-04-22 04:53:58,,,
2473 089,Maxime Le Forestier,N°5,Polydor,"LP, Album, Gat",,1978,7962508,Uncategorized,2025-04-22 04:53:23,,,
2490 156,Jimi Hendrix,The Legendary Jimi Hendrix,Polydor,"LP, Comp",,1980,904077,Uncategorized,2025-04-22 06:41:36,,,
2612 001,Cream (2),Wheels Of Fire,Polydor,"2xLP, Album, RP",,1970,4965642,Uncategorized,2025-04-22 02:48:20,,,
2625 022,Mountain,Pop History Vol. 22,Polydor,"2xLP, Comp, Gat",,1972,8366782,Uncategorized,2025-04-23 00:27:59,,,
2657012,The Jimi Hendrix Experience,Electric Ladyland,Polydor,"2xLP, Album, RE",,0,32902842,Uncategorized,2025-04-22 06:40:51,,,
2664 323,The Who,The Best Of The Last Ten Years / '64 - '74,Polydor,"2xLP, Comp, Gat",4,0,5846824,Uncategorized,2025-04-24 01:18:04,Near Mint (NM or M-),Very Good Plus (VG+),
2668 018,The Who,Quadrophenia,Polydor,"2xLP, Album",4,0,8759564,Uncategorized,2025-04-24 01:16:32,Very Good Plus (VG+),Near Mint (NM or M-),"a confirmer
"
2675 087,Cream (2),Best Of Cream,Polydor,"2xLP, Comp, Gat",,1973,2808512,Uncategorized,2025-04-22 02:56:32,,,
2675 089,The Who,The Who Sell Out,Polydor,"2xLP, Comp, Gat",4,1974,1486488,Uncategorized,2025-04-24 01:22:49,Near Mint (NM or M-),Very Good Plus (VG+),
2383 574,The Cure,Seventeen Seconds,"Polydor, Fiction Records","LP, Album",,1980,12316539,Uncategorized,2025-04-22 01:41:37,,,
"2393 040, 2393040",Maxime Le Forestier,Maxime Le Forestier,"Polydor, Polydor","LP, Album, Gat",,1972,7098957,Uncategorized,2025-04-22 04:53:05,,,
"2473 046, 2473046",Maxime Le Forestier,Maxime Le Forestier,"Polydor, Polydor","LP, Album, RP, Gat",,1975,13950167,Uncategorized,2025-04-22 04:54:33,,,
"2473 071, 2 473 071",Renaud,Laisse Béton (Place De Ma Mob),"Polydor, Polydor","LP, Album",,1977,33582327,Uncategorized,2025-04-23 05:00:39,,,
"POLD 5030, 2442 169",Jon & Vangelis,Short Stories,"Polydor, Polydor","LP, Album",,1980,161300,Uncategorized,2026-05-12 02:07:44,,,
"ARHSLP019, 006024 3585220 1",The Who,Who's Next,"Polydor, UMC, Track Record, Polydor, UMC, Track Record","LP, Album, Dlx, RE, RM, Hal",5,2023,28321963,Uncategorized,2026-04-18 06:26:42,Mint (M),Mint (M),
"PRT 82075, S PRT 82075",Heart,Little Queen,"Portrait, Epic, Portrait, Epic","LP, Album",3,1977,6432893,Uncategorized,2026-04-08 10:14:11,Very Good (VG),Near Mint (NM or M-),
5C 184-94865/6,Deep Purple,Mark I & II,Purple Records,"2xLP, Comp, Gat",,1973,1149427,Uncategorized,2025-04-22 03:20:37,,,
"1 C 188-93 915/916, 1C 172-93 916",Deep Purple,Made In Japan,"Purple Records, Purple Records","2xLP, Album, Gat",,1972,11570080,Uncategorized,2025-04-22 03:21:49,,,
"3769659, 0602537696598",Deep Purple,Made In Japan,"Purple Records, Universal Music Catalogue","2xLP, Album, RE, RM, 180",,2014,5692579,Uncategorized,2025-04-22 03:22:38,,,
DP 02,The Kinks,The Kinks,Pye Records,"2xLP, Comp, RE",,0,26586350,Uncategorized,2025-04-22 23:27:11,,,
Bec5161611,Manu Chao,Radio Bemba Sound System,"Radio Bemba, Because Music","2xLP, Album, RE, Gat + CD",5,2013,5009258,Uncategorized,2026-04-18 06:21:03,Mint (M),Mint (M),
RA58502,Chapman-Whitney,Streetwalkers,Raft Records,"LP, Album, TP, W/Lbl",,1974,11590927,Uncategorized,2025-04-22 02:28:50,,,
PL 42306,Lou Reed,Lou Reed,RCA,"3xLP, Comp, Dis + Box",,1976,14641561,Uncategorized,2025-04-22 23:32:33,,,
NL 82275,Iggy Pop,The Idiot,"RCA International, RCA","LP, Album, RE",,1984,25579399,Uncategorized,2025-04-22 07:03:01,,,
461.037,Elvis Presley,Le Disque D'Or D' Elvis Presley,RCA Victor,"LP, Comp",,1974,3270850,Uncategorized,2026-05-16 07:22:36,,,
APL1 0736,Lou Reed,Transformer,RCA Victor,"LP, Album, RE",,1974,11481210,Uncategorized,2025-04-22 23:33:57,,,
BFL1 0919,Jefferson Airplane,After Bathing At Baxter's,RCA Victor,"LP, Album, RE",,0,3180460,Uncategorized,2025-04-22 09:55:16,,,
BL-3274,Galt MacDermot,Hair (Original Soundtrack Recording),RCA Victor,"2xLP, Album, Gat",,1979,1476811,Uncategorized,2025-04-22 06:32:49,,,
BTM 1000,Renaissance (4),Turn Of The Cards,RCA Victor,"LP, Album",,1974,9599752,Uncategorized,2025-04-23 05:01:32,,,
PL 25257,Alex Harvey - The New Band,The Mafia Stole My Guitar,RCA Victor,"LP, Album",,1979,5376672,Uncategorized,2025-04-22 00:37:06,,,
PL-14550,Hot Tuna,"First Pull Up, Then Pull Down",RCA Victor,"LP, Album, Gat",,1979,5059080,Uncategorized,2025-04-22 06:31:17,,,
PL-25155,Vangelis,Beaubourg,RCA Victor,"LP, Album, Gat",,1978,20817631,Uncategorized,2026-05-12 02:05:08,,,
RS 1082,Al Stewart,Year Of The Cat,RCA Victor,"LP, Album, Gat",,1976,4350661,Uncategorized,2025-04-23 05:57:38,,,
PL 25116,Vangelis,Spiral,"RCA Victor, RCA","LP, Album",,1977,1153002,Uncategorized,2026-05-12 02:03:08,,,
"APL1-0915, APL1 0915",Lou Reed,Coney Island Baby,"RCA Victor, RCA Victor","LP, Album",,1976,7899693,Uncategorized,2025-04-22 23:34:56,,,
"RCA LP 6029, PL 25418",Graham Parker,Another Grey Area,"RCA, RCA","LP, Album",,1982,483460,Uncategorized,2026-05-04 06:09:46,,,
"RCALP 9004, PL 25421",Hawkwind,Church Of Hawkwind,"RCA, RCA","LP, Album",,1982,1031718,Uncategorized,2025-04-22 06:09:17,,,
"APL1-0472, APL1 0472",Lou Reed,Rock N Roll Animal,"RCA, RCA Victor","LP, Album, Gat",,1974,1189837,Uncategorized,2025-04-22 23:35:57,,,
APL1-0915,Lou Reed,Coney Island Baby,"RCA, RCA Victor","LP, Album, Ind",,1976,777623,Uncategorized,2025-04-22 23:34:36,,,
LSP 4807,Lou Reed,Transformer,"RCA, RCA Victor","LP, Album, Promo",,1972,8282584,Uncategorized,2025-04-23 05:11:30,,,
PL 14080,Mick Fleetwood,The Visitor,"RCA, RCA Victor","LP, Album, Gat",,1981,3269517,Uncategorized,2025-04-22 04:56:12,,,
"PL37360, DB 8477",Little Bob Story,Live,"RCA, RCA Victor, RCA","LP, Album + 7""",4,1979,3867117,Uncategorized,2025-04-24 00:24:00,Near Mint (NM or M-),Very Good Plus (VG+),
"RCALP 6055, PL 25440",Hawkwind,Choose Your Masques,"RCA, RCA, Active Records (6)","LP, Album",,1982,11907423,Uncategorized,2025-04-22 06:00:15,,,
"RCALP 6055, PL 25440",Hawkwind,Choose Your Masques,"RCA, RCA, Active Records (6)","LP, Album",,1982,653073,Uncategorized,2025-04-22 06:08:05,,,
none,Various,Popular Hits From Nashville,"Reader's Digest, RCA","9xLP, Comp + Box",,1972,11074601,Uncategorized,2025-04-23 00:33:13,,,
K 54005,Neil Young,Harvest,Reprise Records,"LP, Album, Gat",3,1972,25483690,Uncategorized,2025-04-24 01:47:10,Very Good (VG),Very Good (VG),
REP 54 060,Emmylou Harris,Elite Hotel,Reprise Records,"LP, Album",,1976,19111195,Uncategorized,2025-04-22 06:34:09,,,
REP 54099,Neil Young,Comes A Time,Reprise Records,"LP, Album",5,1978,5274816,Uncategorized,2025-04-24 01:47:29,Near Mint (NM or M-),Near Mint (NM or M-),
"44162 (2050), N° 44 162",Captain Beefheart,The Spotlight Kid,"Reprise Records, Reprise Records","LP, Album",,1972,13392082,Uncategorized,2025-04-22 01:28:47,,,
"54 005, K 54005",Neil Young,Harvest,"Reprise Records, Reprise Records","LP, Album, UK ",4,1972,5398123,Uncategorized,2025-04-24 01:46:51,Very Good Plus (VG+),Very Good Plus (VG+),"crcks, poussiere ?"
"REP 64 037, 3RS 2257",Neil Young,Decade,"Reprise Records, Reprise Records","3xLP, Comp",5,1977,3408490,Uncategorized,2025-04-24 01:48:12,Near Mint (NM or M-),Near Mint (NM or M-),
"REP 44 203, 44203, MS 2094, 2094",Frank Zappa,Waka / Jawaka - Hot Rats,"Reprise Records, Reprise Records, Reprise Records, Reprise Records","LP, Album",5,1972,435320,Uncategorized,2025-04-24 01:59:34,Near Mint (NM or M-),Near Mint (NM or M-),
2024-DET-VI01,Détroit,L'Angle,Reseda,"LP, Album, Tra",5,2025,32867442,Uncategorized,2025-04-22 03:48:46,Mint (M),Mint (M),
2394 196,Eric Clapton,Slowhand,RSO,"LP, Album",,1977,24850922,Uncategorized,2025-04-22 02:22:46,,,
2479 185,Cream (2),Disraeli Gears,RSO,"LP, Album, RE",5,1977,1120490,Uncategorized,2025-07-18 13:35:56,Very Good Plus (VG+),Near Mint (NM or M-),promo sticker by RockReport
2658 135,Eric Clapton,Just One Night,RSO,"2xLP, Album, Gat",,1980,1850350,Uncategorized,2025-04-22 02:58:58,,,
SAMR 040,Hawkwind,Anthology Volume III,Samurai,"LP, Comp",,1986,2671942,Uncategorized,2025-04-22 06:02:23,,,
67.608,J.J. Cale,Okie,Shelter Records,"LP, Album, RE",,1976,1444004,Uncategorized,2025-04-22 02:16:17,,,
SHL/18009,J.J. Cale,Really,"Shelter Records, Ariston Music","LP, Album, RE",,1980,1937473,Uncategorized,2025-04-22 02:18:16,,,
"27 323 XOT, 27 323 OT",J.J. Cale,Troubadour,"Shelter Records, Shelter Records","LP, Album",,1977,7806602,Uncategorized,2025-04-22 02:17:09,,,
sky 002,Ramses (5),La Leyla,Sky Records,"LP, Album",,1976,830409,Uncategorized,2025-04-23 05:04:47,,,
2C 062-93762,Little Richard / Jimi Hendrix,Friends - From The Beginning,Stateside,"LP, Album",,1972,6113958,Uncategorized,2025-04-22 06:42:10,,,
GA 20,The Cumberland Clan,A Bouquet Of Bluegrass Hits,Stereo Gold Award,"LP, Album",4,1970,7326883,Uncategorized,2026-04-16 12:37:17,Very Good Plus (VG+),Very Good Plus (VG+),
STE 26 503,Hubert Félix Thiéfaine,...Tout Corps Vivant Branché Sur Le Secteur Étant Appelé À S'émouvoir...,Sterne,"LP, Album, RE",3,1979,4325364,Uncategorized,2025-04-24 00:48:08,Very Good (VG),Very Good (VG),
STE 26505,Hubert Félix Thiéfaine,Autorisation De Délirer,Sterne,"LP, Album",4,1979,2958765,Uncategorized,2025-04-24 00:48:37,Very Good Plus (VG+),Near Mint (NM or M-),
22712,Dr. Feelgood,Brilleaux,Stiff Records,"LP, Album",,1986,9368963,Uncategorized,2025-04-22 03:53:07,,,
STLP 001,Paul Kossoff,The Hunter,Street Tunes,"LP, Comp",,1981,1985117,Uncategorized,2025-04-22 23:27:43,,,
89402 2XU,Led Zeppelin,The Soundtrack From The Film The Song Remains The Same,Swan Song,"2xLP, Album",3,1976,2139619,Uncategorized,2025-04-22 23:48:41,,,
"89402 2XU, 89402 ",Led Zeppelin,The Soundtrack From The Film The Song Remains The Same,"Swan Song, Swan Song","2xLP, Album",2,1976,16129324,Uncategorized,2025-06-14 10:13:57,Good (G),Good Plus (G+),"griffes sur les 4 faces, ca saute au milieu de dazed and confused"
"ROSP 1, OC 158-98 293/4",Elton John,Blue Moves,"The Rocket Record Company, The Rocket Record Company","2xLP, Album",,1976,13145463,Uncategorized,2025-04-22 04:39:45,,,
2644 001,The Who,Quadrophenia,Track Record,"2xLP, Album, Gat",5,1973,2722355,Uncategorized,2025-07-26 00:36:09,Near Mint (NM or M-),Near Mint (NM or M-),
UAG 29672,Hawkwind,Hall Of The Mountain Grill,United Artists Records,"LP, Album",,1974,1671649,Uncategorized,2025-04-22 05:59:48,,,
UAG 30025,Hawkwind,Masters Of The Universe,United Artists Records,"LP, Comp",,1977,830318,Uncategorized,2025-04-22 06:07:34,,,
UAK 29919,Hawkwind,Roadhawks,United Artists Records,"LP, Comp, RE, EMI",,1980,627634,Uncategorized,2025-04-22 06:06:17,,,
UAS 29 504 I,Amon Düül II,Vive La Trance,United Artists Records,"LP, Album",,1973,519306,Uncategorized,2025-04-22 00:22:01,,,
UAS 29094-B,Can,Monster Movie,United Artists Records,"LP, Album, RP",,1973,8617666,Uncategorized,2025-04-22 03:06:03,,,
UAS 29364 I,Hawkwind,Doremi Fasol Latido,United Artists Records,"LP, Album",,1972,15089161,Uncategorized,2025-04-22 06:00:45,,,
1C 064-82 740,The Stranglers,The Raven,"United Artists Records, EMI Electrola","LP, Album",,1979,871362,Uncategorized,2025-04-23 05:28:29,,,
UAS 30 309 FT,Electric Light Orchestra,Out Of The Blue,"United Artists Records, Jet Records","2xLP, Album, Gat",,1977,1330270,Uncategorized,2025-04-22 04:29:31,,,
"2C 170-53858/9, UAS 29.258 / UAS 29.259",Canned Heat,Living The Blues,"United Artists Records, United Artists Records","2xLP, Album, RE, Gat",,0,2555737,Uncategorized,2025-04-22 02:14:34,,,
"UAD 60009, UAD 60010",Can,Tago Mago,"United Artists Records, United Artists Records","2xLP, Album",,1971,884436,Uncategorized,2025-04-22 03:07:21,,,
"UAG 29675, UAG 29.675",Man,Slow Motion,"United Artists Records, United Artists Records","LP, Album",,1974,7875330,Uncategorized,2025-04-23 00:22:58,,,
786 028-9,Pierpoljak,Je Fais C'Que J'Veux,"Universal Music France, Barclay, Label Panthéon","LP, Yel + LP, Red + Album, RE",5,2025,35336767,Uncategorized,2026-04-18 06:22:47,Mint (M),Mint (M),
"CYL2-1245, CYL2 1245",Magma (6),Magma Live (Magma Hhaï),"Utopia (2), Utopia (2)","2xLP, Album",,1975,16239456,Uncategorized,2025-04-23 00:15:40,,,
VSD 23006,Joan Baez,"Farewell, Angelina",Vanguard,"LP, Album, RE",,1974,868501,Uncategorized,2025-04-22 01:16:06,,,
VSD 79306/7,Joan Baez,Any Day Now,"Vanguard, Pye Records","2xLP, Album, RE",,1969,9320927,Uncategorized,2025-04-22 01:15:12,,,
6359 034,Dire Straits,Making Movies,Vertigo,"LP, Album",,1980,945645,Uncategorized,2025-04-22 04:09:05,,,
6360 080,Gentle Giant,Octopus,Vertigo,"LP, Album, Gat",,1972,13810815,Uncategorized,2025-04-22 05:33:10,,,
6360 098,Status Quo,Hello!,Vertigo,"LP, Album, Dlx",3,1973,7479298,Uncategorized,2025-04-23 05:53:01,Good (G),Good Plus (G+),fort griffe face B mais ca passe a l'ecoute
6360 162,Dire Straits,Dire Straits,Vertigo,"LP, Album, RE",,1978,28259944,Uncategorized,2025-04-22 04:08:29,,,
6366 101,Black Sabbath,Sabbath Bloody Sabbath,Vertigo,"LP, Album, Gat",,1973,2974554,Uncategorized,2025-04-22 01:17:42,,,
6370 408,The Sensational Alex Harvey Band,Live,Vertigo,"LP, Album",,1975,1976991,Uncategorized,2025-04-22 00:35:40,,,
6370 408,The Sensational Alex Harvey Band,Live,Vertigo,"LP, Album",,1975,4129213,Uncategorized,2025-04-22 00:36:04,,,
6641 590,Status Quo,Live,Vertigo,"2xLP, Album, Gat",,1977,14368266,Uncategorized,2025-04-23 05:29:21,,,
6673 001,Aphrodite's Child,666,Vertigo,"2xLP, Album",,1972,30242855,Uncategorized,2025-04-22 00:24:15,,,
9102 003,The Sensational Alex Harvey Band,Tomorrow Belongs To Me,Vertigo,"LP, Album, Gat",,1975,3432662,Uncategorized,2025-04-22 06:24:44,,,
9102 010,Streetwalkers,Red Card,Vertigo,"LP, Album, Num, Red",,1976,2311788,Uncategorized,2025-04-22 03:13:54,,,
9102 014,Status Quo,Rockin' All Over The World,Vertigo,"LP, Album",3,1977,768749,Uncategorized,2025-04-23 06:25:12,Very Good (VG),Very Good (VG),
9102 031,Dire Straits,Communiqué,Vertigo,"LP, Album, Emb",3,1979,1349839,Uncategorized,2026-05-04 06:18:31,Good Plus (G+),No Cover,S'écoute mais griffé
"6360 103, 6360 103 D",The Sensational Alex Harvey Band,Next,"Vertigo, Vertigo","LP, Album, Mis",,1973,13543796,Uncategorized,2025-04-22 00:35:00,,,
2428 506,The Velvet Underground & Nico (3),The Velvet Underground & Nico,"Verve Records, Rotation (2)","LP, Album, RE",3,1976,2006088,Uncategorized,2025-04-24 01:04:00,Good Plus (G+),Very Good (VG),a (sur)vecu
202611,Steve Hillage,Fish Rising,Virgin,"LP, Album, RP",,0,4117066,Uncategorized,2025-04-22 06:56:24,,,
203.550,Mike Oldfield,Mike Oldfield's Wonderland,Virgin,"LP, Comp",,1981,10598702,Uncategorized,2025-04-23 00:36:43,,,
203.550,Mike Oldfield,Mike Oldfield's Wonderland,Virgin,"LP, Comp",,1981,427778,Uncategorized,2025-04-23 00:36:45,,,
2473 742,Gong,Expresso II,Virgin,"LP, Album",,1978,33430418,Uncategorized,2025-04-22 05:32:10,,,
25524 XBT,Tangerine Dream,Encore,Virgin,"2xLP, Album, RP",4,0,548055,Uncategorized,2025-04-24 00:43:36,Very Good Plus (VG+),Very Good Plus (VG+),
28 423 XOT,Gong,Gazeuse!,Virgin,"LP, Album",,1977,5338332,Uncategorized,2025-04-22 05:29:51,,,
300 193-420,Mike Oldfield,Incantations,Virgin,"2xLP, Album, Gat",,1978,4297603,Uncategorized,2025-04-23 00:41:31,,,
60021,Japan,Oil On Canvas,Virgin,"2xLP, Album, RP, Gat",,1984,2636228,Uncategorized,2025-04-22 10:05:08,,,
840.043,Robert Wyatt,Rock Bottom,Virgin,"LP, Album",4,1974,3037283,Uncategorized,2025-04-24 01:10:37,Very Good Plus (VG+),Very Good Plus (VG+),
87 541 XOT,Mike Oldfield,Tubular Bells,Virgin,"LP, Album, RP",5,1974,18212824,Uncategorized,2025-04-23 00:35:56,Near Mint (NM or M-),Very Good Plus (VG+),
88 134 XOT,Mike Oldfield,Hergest Ridge,Virgin,"LP, Album, RE, gre",,1983,9464629,Uncategorized,2025-04-23 00:39:00,,,
89 552 XOT,Mike Oldfield,Ommadawn,Virgin,"LP, Album",,1975,3510426,Uncategorized,2025-04-23 00:40:17,,,
940 517,Tangerine Dream,Ricochet,Virgin,"LP, Album",2,1975,208766,Uncategorized,2025-05-12 08:34:48,Fair (F),Very Good (VG),"longue griffe circulaire sur face b mais ecoute 
possible, A RACHETER TELLEMENT c'est bon"
940.526,Tangerine Dream,Atem,Virgin,"LP, Album, RP, TP",4,1976,19616818,Uncategorized,2025-04-24 00:42:41,Very Good Plus (VG+),Very Good Plus (VG+),
V 2019,Gong,You,Virgin,"LP, Album",,1974,797883,Uncategorized,2025-04-22 05:29:31,,,
V 2066,Steve Hillage,L,Virgin,"LP, Album",,1976,26087965,Uncategorized,2025-04-22 06:54:25,,,
"202 967-320, 202 967",Mike Oldfield,QE2,"Virgin, Virgin","LP, Album, GEM",,1980,6185936,Uncategorized,2025-04-23 00:39:49,,,
"840 030, 840.030",Tangerine Dream,Phaedra,"Virgin, Virgin","LP, Album",4,1974,5461422,Uncategorized,2025-04-24 00:40:22,Very Good Plus (VG+),Very Good Plus (VG+),
"840 044, XBLY 840.044",Mike Oldfield,Hergest Ridge,"Virgin, Virgin","LP, Album",,1974,9555885,Uncategorized,2025-04-23 00:37:49,,,
"840.036, 840 036",Kevin Coyne,Blame It On The Night,"Virgin, Virgin","LP, Album",,1974,16612710,Uncategorized,2025-04-22 03:00:01,,,
"840018, 840.018",Mike Oldfield,Tubular Bells,"Virgin, Virgin","LP, Album, RP",,1974,298672,Uncategorized,2025-04-23 00:35:36,,,
"840041, XBLY 840.041",Edgar Froese,Aqua,"Virgin, Virgin","LP, Album",4,1974,600523,Uncategorized,2025-04-24 00:44:22,Very Good Plus (VG+),Very Good Plus (VG+),
"940 505, XBLY 940 505",Tangerine Dream,Rubycon,"Virgin, Virgin","LP, Album, Gat",2,1975,2725335,Uncategorized,2025-04-24 00:41:31,Fair (F),Very Good (VG),griffes et ca s'entend
"V2054, V 2054",Daevid Allen & Euterpe (2),Good Morning,"Virgin, Virgin","LP, Album",,1976,471077,Uncategorized,2025-04-22 00:45:16,,,
"VGD 3501, VGD3501",Gong,Live Etc.,"Virgin, Virgin","2xLP, Album, Die",,1977,19732096,Uncategorized,2025-04-22 05:30:34,,,
"840 019, V 2004, N° 840.019",Faust,Faust IV,"Virgin, Virgin, Virgin","LP, Album",,1974,4136594,Uncategorized,2025-04-22 05:01:50,,,
2008,Keith Jarrett,Restoration Ruin,Vortex Records (2),"LP, Album",,1968,2593576,Uncategorized,2026-05-16 07:26:54,,,
46 217,The Doobie Brothers,The Captain And Me,Warner Bros. Records,"LP, Album, Gat",,1973,9887066,Uncategorized,2025-04-22 04:04:13,,,
56 793,Van Halen,Women And Children First,Warner Bros. Records,"LP, Album",3,1980,1933851,Uncategorized,2026-04-17 01:30:33,Good Plus (G+),Good Plus (G+),bcp de griffes mais hard rock donc ne s'entend presque pas
BS 2685,Alice Cooper,Billion Dollar Babies,Warner Bros. Records,"LP, Album, Gat",,1973,26161304,Uncategorized,2025-04-22 02:01:06,,,
BSK 3436,Alice Cooper (2),Flush The Fashion,Warner Bros. Records,"LP, Album, Club",,1980,1939151,Uncategorized,2025-04-22 02:02:40,,,
K56422,Renaissance (4),Novella,Warner Bros. Records,"LP, Album, Gat",,1977,9695161,Uncategorized,2025-04-23 05:01:59,,,
WB 56 007,Alice Cooper,School's Out,Warner Bros. Records,"LP, Album",,1972,659642,Uncategorized,2025-04-22 02:04:19,,,
WB 56 460,Renaissance (4),A Song For All Seasons,Warner Bros. Records,"LP, Album",,1978,2463084,Uncategorized,2025-04-23 05:01:16,,,
"46 183, BS 2634",The Doobie Brothers,Toulouse Street,"Warner Bros. Records, Warner Bros. Records","LP, Album, RE",,1972,32887368,Uncategorized,2025-04-22 04:06:16,,,
"66021, WS1845",Alice Cooper,School Days (The Early Recordings),"Warner Bros. Records, Warner Bros. Records","2xLP, Album, RE + Comp, Gat",4,1973,2374832,Uncategorized,2025-07-26 04:05:30,Very Good Plus (VG+),Very Good Plus (VG+),
"K 56021, K56021",Electric Light Orchestra,On The Third Day,"Warner Bros. Records, Warner Bros. Records","LP, Album, Tri",,1973,1493941,Uncategorized,2025-04-22 04:30:25,,,
"WB 46 121, BS 2567",Alice Cooper,Killer,"Warner Bros. Records, Warner Bros. Records","LP, Album, Gat",,1971,4368620,Uncategorized,2025-04-22 02:00:09,,,
"WB 56 043, W 2803",Alice Cooper,Alice Cooper's Greatest Hits,"Warner Bros. Records, Warner Bros. Records","LP, Comp",,1974,9133380,Uncategorized,2025-04-22 01:58:56,,,
"WB 56 344, BS 3010",Fleetwood Mac,Rumours,"Warner Bros. Records, Warner Bros. Records","LP, Album, RE, Tex",5,1977,10017094,Uncategorized,2025-05-07 07:39:25,Very Good Plus (VG+),Very Good Plus (VG+),
"WB 66 088, 2HS 3350",Fleetwood Mac,Tusk,"Warner Bros. Records, Warner Bros. Records","2xLP, Album",5,1979,27005289,Uncategorized,2025-10-25 10:01:06,Near Mint (NM or M-),Near Mint (NM or M-),
"WS 1790, WS.1790",The Grateful Dead,Aoxomoxoa,"Warner Bros. Records, Warner Bros. Records","LP, Album",,1969,2765528,Uncategorized,2025-04-22 05:23:30,,,
"46 177, 46177",Alice Cooper,Love It To Death,"Warner Bros. Records, Warner Bros. Records, Straight","LP, Album, Gat",,1972,31066076,Uncategorized,2025-04-22 02:07:30,,,
251 699-1,Phil Collins,No Jacket Required,WEA,"LP, Album, Tel",,1985,20660740,Uncategorized,2025-04-22 01:53:43,,,
"58 460, 58460",Stocks (2),Enregistré En Public,"WEA, WEA","LP, Album",,1982,3097000,Uncategorized,2025-04-23 05:18:55,,,
"WEA 99263, WEA K 99263",Phil Collins,"Hello, I Must Be Going!","WEA, WEA","LP, Album, Gat",,1982,473844,Uncategorized,2025-04-22 01:55:31,,,
